0,#,FORM,LEMMA,GRAM,COMMENT,CHECKED,CONTEXT,RIGHT1,RIGHT2,RIGHT3,RIGHT4,RIGHT5,RIGHT6,POS,AUTO_LEMMA,AUTO_GRAM,
10254,# doc = hurricane.2.txt,,,,,,,,,,,,,,,,
10255,# speaker = Т,,,,,,,,,,,,,,,,
10256,# sent = 819,,,,,,,,,,,,,,,,
10257,,Когда,КОГДА,CONJ,,,_Когда_ у меня /,а,д,г,о,к,,CONJ,КОГДА,CONJ,А
10258,,у,У,PR,,,Когда _у_ меня / были,у,,,,,,PR,У,PR,У
10259,,меня,Я,SPRO sg 1p - acc,,,Когда у _меня_ / были маленькие,я,н,е,м,,,SPRO,Я,SPRO sg 1p - acc,Я
10260,,/,/,PUNCT,,,,,,,,,,PUNCT,,,
10261,,были,БЫТЬ,V ipf praet pl indic - -,,,"у меня / _были_ маленькие дети ,",и,л,ы,б,,,V,БЫТЬ,V ipf praet pl indic - -,Ь
10262,,маленькие,МАЛЕНЬКИЙ,A - nom pl plen - -,,,"меня / были _маленькие_ дети , то",е,и,к,ь,н,е,A,МАЛЕНЬКИЙ,A - nom pl plen - -,Й
10263,,дети,РЕБЕНОК,S m anim nom pl,,,"/ были маленькие _дети_ , то мы",и,т,е,д,,,S,РЕБЕНОК,S m anim nom pl,К
10264,,",",",",PUNCT,,,,,,,,,,PUNCT,,,
10265,,то,ТО,CONJ,,,"маленькие дети , _то_ мы / э",о,т,,,,,CONJ,ТО,CONJ,О
10266,,мы,МЫ,SPRO pl 1p - nom,,,"дети , то _мы_ / э /",ы,м,,,,,SPRO,МЫ,SPRO pl 1p - nom,Ы
10267,,/,/,PUNCT,,,,,,,,,,PUNCT,,,
10268,,э,Э,INTJ,,,то мы / _э_ / с родителями,э,,,,,,INTJ,Э,INTJ,Э
10269,,/,/,PUNCT,,,,,,,,,,PUNCT,,,
10270,,с,С,PR,,,/ э / _с_ родителями и /,с,,,,,,PR,С,PR,С
10271,,родителями,РОДИТЕЛЬ,S m anim ins pl,,,э / с _родителями_ и / и,и,м,я,л,е,т,S,РОДИТЕЛЬ,S m anim ins pl,Ь
10272,,и,И,CONJ,,,/ с родителями _и_ / и этими,и,,,,,,CONJ,И,CONJ,И
10273,,/,/,PUNCT,,,,,,,,,,PUNCT,,,
10274,,и,И,CONJ,,,родителями и / _и_ этими маленькими детьми,и,,,,,,CONJ,И,CONJ,И
10275,,этими,ЭТОТ,APRO - ins pl plen - -,,,и / и _этими_ маленькими детьми ездили,и,м,и,т,э,,APRO,ЭТОТ,A - ins pl plen - -,Т
10276,,маленькими,МАЛЕНЬКИЙ,A - ins pl plen - -,,,/ и этими _маленькими_ детьми ездили отдыхать,и,м,и,к,ь,н,A,МАЛЕНЬКИЙ,A - ins pl plen - -,Й
10277,,детьми,РЕБЕНОК,S m anim ins pl,,,и этими маленькими _детьми_ ездили отдыхать всегда,и,м,ь,т,е,д,S,РЕБЕНОК,S m anim ins pl,К
10278,,ездили,ЕЗДИТЬ,V ipf praet pl indic - -,,,этими маленькими детьми _ездили_ отдыхать всегда куда-то,и,л,и,д,з,е,V,ЕЗДИТЬ,V ipf praet pl indic - -,Ь
10279,,отдыхать,ОТДЫХАТЬ,V ipf - - inf - -,,,маленькими детьми ездили _отдыхать_ всегда куда-то в,ь,т,а,х,ы,д,V,ОТДЫХАТЬ,V ipf - - inf - -,Ь
10280,,всегда,ВСЕГДА,ADV -,,,детьми ездили отдыхать _всегда_ куда-то в лес,а,д,г,е,с,в,ADV,ВСЕГДА,ADV -,А
10281,,куда-то,КУДА-ТО,ADV -,,,"ездили отдыхать всегда _куда-то_ в лес ,",о,т,-,а,д,у,ADV,КУДА-ТО,ADV -,О
10282,,в,В,PR,,,"отдыхать всегда куда-то _в_ лес , на",в,,,,,,PR,В,PR,В
10283,,лес,ЛЕС,S m inan acc sg,,,"всегда куда-то в _лес_ , на озеро",с,е,л,,,,S,ЛЕС,S m inan acc sg,С
10284,,",",",",PUNCT,,,,,,,,,,PUNCT,,,
10285,,на,НА,PR,,,"в лес , _на_ озеро , на",а,н,,,,,PR,НА,PR,А
10286,,озеро,ОЗЕРО,S n inan acc sg,,,"лес , на _озеро_ , на речку",о,р,е,з,о,,S,ОЗЕРО,S n inan acc sg,О
10287,,",",",",PUNCT,,,,,,,,,,PUNCT,,,
10288,,на,НА,PR,,,"на озеро , _на_ речку // И",а,н,,,,,PR,НА,PR,А
10289,,речку,РЕЧКА,S f inan acc sg,,,"озеро , на _речку_ // И /",у,к,ч,е,р,,S,РЕЧКА,S f inan acc sg,А
10290,,//,//,PUNCT,,,,,,,,,,PUNCT,,,
10291,,И,И,CONJ,,,на речку // _И_ / ну /,и,,,,,,CONJ,И,CONJ,И
10292,,/,/,PUNCT,,,,,,,,,,PUNCT,,,
10293,,ну,НУ,PART,,,// И / _ну_ / ставили палатки,у,н,,,,,PART,НУ,PART,У
10294,,/,/,PUNCT,,,,,,,,,,PUNCT,,,
10295,,ставили,СТАВИТЬ,V ipf praet pl indic - -,,,"/ ну / _ставили_ палатки , был",и,л,и,в,а,т,V,СТАВИТЬ,V ipf praet pl indic - -,Ь
10296,,палатки,ПАЛАТКА,S f inan acc pl,,,"ну / ставили _палатки_ , был тент",и,к,т,а,л,а,S,ПАЛАТКА,S f inan acc pl,А
10297,,",",",",PUNCT,,,,,,,,,,PUNCT,,,
10298,,был,БЫТЬ,V ipf praet sg indic m -,,,"ставили палатки , _был_ тент , под",л,ы,б,,,,V,БЫТЬ,V ipf praet sg indic m -,Ь
10299,,тент,ТЕНТ,S m inan acc sg,,,"палатки , был _тент_ , под которым",т,н,е,т,,,S,ТЕНТ,S m inan acc sg,Т
10300,,",",",",PUNCT,,,,,,,,,,PUNCT,,,
10301,,под,ПОД,PR,,,"был тент , _под_ которым там /",д,о,п,,,,PR,ПОД,PR,Д
10302,,которым,КОТОРЫЙ,APRO - ins sg plen - -,,,"тент , под _которым_ там / строили",м,ы,р,о,т,о,APRO,КОТОРЫЙ,A - dat pl plen - -,Й
10303,,там,ТАМ,PART,,,", под которым _там_ / строили типа",м,а,т,,,,PART,ТАМ,PART,М
10304,,/,/,PUNCT,,,,,,,,,,PUNCT,,,
10305,,строили,СТРОИТЬ,V ipf praet pl indic - -,,,которым там / _строили_ типа кухни что-то,и,л,и,о,р,т,V,СТРОИТЬ,V ipf praet pl indic - -,Ь
10306,,типа,ТИПА,PART,,,"там / строили _типа_ кухни что-то ,",а,п,и,т,,,PART,ТИПА,PART,А
10307,,кухни,КУХНЯ,S f inan gen sg,,,"/ строили типа _кухни_ что-то , столы",и,н,х,у,к,,S,КУХНЯ,S f inan gen sg,Я
10308,,что-то,ЧТО-ТО,SPRO n inan acc sg,,,"строили типа кухни _что-то_ , столы ,",о,т,-,о,т,ч,SPRO,ЧТО-ТО,S n - acc sg,О
10309,,",",",",PUNCT,,,,,,,,,,PUNCT,,,
10310,,столы,СТОЛ,S m inan acc pl,,,"кухни что-то , _столы_ , стулья с",ы,л,о,т,с,,S,СТОЛ,S m inan acc pl,Л
10311,,",",",",PUNCT,,,,,,,,,,PUNCT,,,
10312,,стулья,СТУЛ,S m inan acc pl,,,", столы , _стулья_ с собой возили",я,ь,л,у,т,с,S,СТУЛ,S m inan acc pl,Л
10313,,с,С,PR,,,"столы , стулья _с_ собой возили ,",с,,,,,,PR,С,PR,С
10314,,собой,СЕБЯ,SPRO - - - ins,,,", стулья с _собой_ возили , ну",й,о,б,о,с,,SPRO,СЕБЯ,SPRO - - - ins,Я
10315,,возили,ВОЗИТЬ,V ipf praet pl indic - -,,,"стулья с собой _возили_ , ну ,",и,л,и,з,о,в,V,ВОЗИТЬ,V ipf praet pl indic - -,Ь
10316,,",",",",PUNCT,,,,,,,,,,PUNCT,,,
10317,,ну,НУ,PART,,,"собой возили , _ну_ ,  вощем",у,н,,,,,PART,НУ,PART,У
10318,,",",",",PUNCT,,,,,,,,,,PUNCT,,,
10319,"<distinct form=""",,,,,,,,,,,,,,,,
10320,<dist>,вощем,,,,,,,,,,,,,,,
10321,""">",,,,,,,,,,,,,,,,
10322,,в,В,PR,,,"вощем  _в_ общем  ,",в,,,,,,PR,В,,
10323,,общем,ОБЩИЙ,A - loc sg plen m -,,,"вощем  в _общем_  , была",м,е,щ,б,о,,A,ОБЩИЙ,,
10324,</distinct>,,,,,,,,,,,,,,,,
10325,,",",",",PUNCT,,,,,,,,,,PUNCT,,,
10326,,была,БЫТЬ,V ipf praet sg indic f -,,,"общем  , _была_ такая хорошая компания",а,л,ы,б,,,V,БЫТЬ,,
10327,,такая,ТАКОЙ,APRO - nom sg plen f -,,,", была _такая_ хорошая компания ,",я,а,к,а,т,,APRO,ТАКОЙ,,
10328,,хорошая,ХОРОШИЙ,A - nom sg plen f -,,,", была такая _хорошая_ компания , из",я,а,ш,о,р,о,A,ХОРОШИЙ,,
10329,,компания,КОМПАНИЯ,S f inan nom sg,,,"была такая хорошая _компания_ , из трёх",я,и,н,а,п,м,S,КОМПАНИЯ,,
10330,,",",",",PUNCT,,,,,,,,,,PUNCT,,,
10331,,из,ИЗ,PR,,,"хорошая компания , _из_ трёх / на",з,и,,,,,PR,ИЗ,,
10332,,трёх,ТРИ,NUM loc - -,,,"компания , из _трёх_ / на трёх",х,ё,р,т,,,NUM,ТРИ,,
10333,,/,/,PUNCT,,,,,,,,,,PUNCT,,,
10334,,на,НА,PR,,,из трёх / _на_ трёх - четырёх,а,н,,,,,PR,НА,,
10335,,трёх,ТРИ,NUM loc - -,,,трёх / на _трёх_ - четырёх машинах,х,ё,р,т,,,NUM,ТРИ,,
10336,,-,-,PUNCT,,,,,,,,,,PUNCT,,,
10337,,четырёх,ЧЕТЫРЕ,NUM loc - -,,,"на трёх - _четырёх_ машинах , ээ",х,ё,р,ы,т,е,NUM,ЧЕТЫРЕ,,
10338,,машинах,МАШИНА,S f inan loc pl,,,"трёх - четырёх _машинах_ , ээ …",х,а,н,и,ш,а,S,МАШИНА,,
10339,,",",",",PUNCT,,,,,,,,,,PUNCT,,,
10340,,ээ,ЭЭ,NONLEX,,,"четырёх машинах , _ээ_ …",э,э,,,,,NONLEX,ЭЭ,,
10341,,…,…,PUNCT,,,,,,,,,,PUNCT,,,
10342,,,,,,,,,,,,,,,,,
10343,# sent = 820,,,,,,,,,,,,,,,,
10344,"<distinct form=""",,,,,,,,,,,,,,,,
10345,<dist>,родитьли,,,,,,,,,,,,,,,
10346,""">",,,,,,,,,,,,,,,,
10347,,родители,РОДИТЕЛЬ,S m anim nom pl,,,родитьли  _родители_  у нас,и,л,е,т,и,д,S,РОДИТЕЛЬ,S m anim nom pl,Ь
10348,</distinct>,,,,,,,,,,,,,,,,
10349,,у,У,PR,,,родители  _у_ нас в МИФИ,у,,,,,,PR,У,PR,У
10350,,нас,МЫ,SPRO pl 1p - gen,,,родители  у _нас_ в МИФИ работали,с,а,н,,,,SPRO,МЫ,SPRO pl 1p - loc,Ы
10351,,в,В,PR,,,у нас _в_ МИФИ работали /,в,,,,,,PR,В,S - - nonflex -,В
10352,,МИФИ,МИФИ,S m inan loc sg,,,у нас в _МИФИ_ работали / ну,и,ф,и,м,,,S,МИФИ,S m inan gen sg,И
10353,,работали,РАБОТАТЬ,V ipf praet pl indic - -,,,нас в МИФИ _работали_ / ну /,и,л,а,т,о,б,V,РАБОТАТЬ,V ipf praet pl indic - -,Ь
10354,,/,/,PUNCT,,,,,,,,,,PUNCT,,,
10355,,ну,НУ,PART,,,"МИФИ работали / _ну_ / отцы ,",у,н,,,,,PART,НУ,PART,У
10356,,/,/,PUNCT,,,,,,,,,,PUNCT,,,
10357,,отцы,ОТЕЦ,S m anim nom pl,,,"/ ну / _отцы_ , вернее …",ы,ц,т,о,,,S,ОТЕЦ,S m anim nom pl,Ц
10358,,",",",",PUNCT,,,,,,,,,,PUNCT,,,
10359,,вернее,ВЕРНЕЕ,PARENTH,,,"/ отцы , _вернее_ … и такие",е,е,н,р,е,в,ADV,ВЕРНЕЕ,ADV -,Е
10360,,…,…,PUNCT,,,,,,,,,,PUNCT,,,
10361,,и,И,CONJ,,,", вернее … _и_ такие были дружные",и,,,,,,CONJ,И,CONJ,И
10362,,такие,ТАКОЙ,APRO - nom pl plen - -,,,вернее … и _такие_ были дружные они,е,и,к,а,т,,APRO,ТАКОЙ,A - nom pl plen - -,Й
10363,,были,БЫТЬ,V ipf praet pl indic - -,,,… и такие _были_ дружные они по,и,л,ы,б,,,V,БЫТЬ,V ipf praet pl indic - -,Ь
10364,,дружные,ДРУЖНЫЙ,A - nom pl plen - -,,,и такие были _дружные_ они по,е,ы,н,ж,у,р,A,ДРУЖНЫЙ,A - nom pl plen - -,Й
10365,,они,ОНИ,SPRO pl - - nom,,,такие были дружные _они_ по  с,и,н,о,,,,SPRO,ОНИ,SPRO pl - - nom,И
10366,,по,ПО,PR,,,были дружные они _по_  с,о,п,,,,,PR,ПО,PR,О
10367,"<distinct form=""",,,,,,,,,,,,,,,,
10368,<dist>,с,,,,,,,,,,,,,,,
10369,""">",,,,,,,,,,,,,,,,
10370,,себе,СЕБЯ,SPRO - - - dat,,,с  _себе_  сами по,е,б,е,с,,,SPRO,СЕБЯ,SPRO - - - gen anom,Я
10371,</distinct>,,,,,,,,,,,,,,,,
10372,,сами,САМ,A - nom pl plen - -,,,"себе  _сами_ по себе ,",и,м,а,с,,,A,САМ,A - nom pl plen - -,М
10373,,по,ПО,PR,,,"себе  сами _по_ себе , ну",о,п,,,,,PR,ПО,PR,О
10374,,себе,СЕБЯ,SPRO - - - dat,,,"сами по _себе_ , ну и",е,б,е,с,,,SPRO,СЕБЯ,SPRO - - - dat,Я
10375,,",",",",PUNCT,,,,,,,,,,PUNCT,,,
10376,,ну,НУ,PART,,,"по себе , _ну_ и мы при",у,н,,,,,PART,НУ,PART,У
10377,,и,И,CONJ,,,"себе , ну _и_ мы при них",и,,,,,,CONJ,И,CONJ,И
10378,,мы,МЫ,SPRO pl 1p - nom,,,", ну и _мы_ при них ,",ы,м,,,,,SPRO,МЫ,SPRO pl 1p - nom,Ы
10379,,при,ПРИ,PR,,,"ну и мы _при_ них , как",и,р,п,,,,PR,ПРИ,PR,И
10380,,них,ОНИ,SPRO pl - - loc,,,"и мы при _них_ , как дети",х,и,н,,,,SPRO,ОНИ,SPRO pl - - loc,И
10381,,",",",",PUNCT,,,,,,,,,,PUNCT,,,
10382,,как,КАК,CONJ,,,"при них , _как_ дети , а",к,а,к,,,,CONJ,КАК,CONJ,К
10383,,дети,РЕБЕНОК,S m anim nom pl,,,"них , как _дети_ , а ,",и,т,е,д,,,S,РЕБЕНОК,S m anim nom pl,К
10384,,",",",",PUNCT,,,,,,,,,,PUNCT,,,
10385,,а,А,CONJ,,,"как дети , _а_ , соответственно ,",а,,,,,,CONJ,А,CONJ,А
10386,,",",",",PUNCT,,,,,,,,,,PUNCT,,,
10387,,соответственно,СООТВЕТСТВЕННО,PARENTH,,,", а , _соответственно_ , а наши",о,н,н,е,в,т,ADV,СООТВЕТСТВЕННО,ADV -,О
10388,,",",",",PUNCT,,,,,,,,,,PUNCT,,,
10389,,а,А,CONJ,,,", соответственно , _а_ наши дети при",а,,,,,,CONJ,А,CONJ,А
10390,,наши,НАШ,APRO - nom pl plen - -,,,"соответственно , а _наши_ дети при нас",и,ш,а,н,,,APRO,НАШ,A - nom pl plen - -,Ш
10391,,дети,РЕБЕНОК,S m anim nom pl,,,", а наши _дети_ при нас .",и,т,е,д,,,S,РЕБЕНОК,S m anim nom pl,К
10392,,при,ПРИ,PR,,,а наши дети _при_ нас .,и,р,п,,,,PR,ПРИ,PR,И
10393,,нас,МЫ,SPRO pl 1p - loc,,,наши дети при _нас_ .,с,а,н,,,,SPRO,МЫ,SPRO pl 1p - loc,Ы
10394,,.,.,PUNCT,,,,,,,,,,PUNCT,,,
10395,,,,,,,,,,,,,,,,,
10396,# sent = 821,,,,,,,,,,,,,,,,
10397,# speaker = Т,,,,,,,,,,,,,,,,
10398,# sent = 822,,,,,,,,,,,,,,,,
10399,,Вот,ВОТ,PART,,,_Вот_ … и это,т,о,в,,,,PART,ВОТ,PART,Т
10400,,…,…,PUNCT,,,,,,,,,,PUNCT,,,
10401,,и,И,CONJ,,,Вот … _и_ это был,и,,,,,,CONJ,И,CONJ,И
10402,,это,ЭТО,SPRO n - nom sg,,,Вот … и _это_ был  о,о,т,э,,,,SPRO,ЭТО,S n - nom sg,О
10403,,был,БЫТЬ,V ipf praet sg indic m -,,,… и это _был_  о,л,ы,б,,,,V,БЫТЬ,V ipf praet sg indic m -,Ь
10404,"<distinct form=""",,,,,,,,,,,,,,,,
10405,<dist>,о,,,,,,,,,,,,,,,
10406,""">",,,,,,,,,,,,,,,,
10407,,отличный,ОТЛИЧНЫЙ,A - nom sg plen m -,,,о  _отличный_  … был,й,ы,н,ч,и,л,A,ОТЛИЧНЫЙ,A - nom sg plen m -,Й
10408,</distinct>,,,,,,,,,,,,,,,,
10409,,…,…,PUNCT,,,,,,,,,,PUNCT,,,
10410,,был,БЫТЬ,V ipf praet sg indic m -,,,"отличный  … _был_ отличный отдых ,",л,ы,б,,,,V,БЫТЬ,V ipf praet sg indic m -,Ь
10411,,отличный,ОТЛИЧНЫЙ,A - nom sg plen m -,,,"… был _отличный_ отдых , народу",й,ы,н,ч,и,л,A,ОТЛИЧНЫЙ,A - nom sg plen m -,Й
10412,,отдых,ОТДЫХ,S m inan nom sg,,,"… был отличный _отдых_ , народу вокруг",х,ы,д,т,о,,S,ОТДЫХ,S m inan nom sg,Х
10413,,",",",",PUNCT,,,,,,,,,,PUNCT,,,
10414,,народу,НАРОД,S m inan gen2 sg,,,"отличный отдых , _народу_ вокруг никого ,",у,д,о,р,а,н,S,НАРОД,S m inan - sg,Д
10415,,вокруг,ВОКРУГ,PR,,,"отдых , народу _вокруг_ никого , рыбалка",г,у,р,к,о,в,PR,ВОКРУГ,PR,Г
10416,,никого,НИКТО,SPRO m - gen sg,,,", народу вокруг _никого_ , рыбалка ,",о,г,о,к,и,н,S,НИКТО,S m - gen sg,О
10417,,",",",",PUNCT,,,,,,,,,,PUNCT,,,
10418,,рыбалка,РЫБАЛКА,S f inan nom sg,,,"вокруг никого , _рыбалка_ , грибы ,",а,к,л,а,б,ы,S,РЫБАЛКА,S f inan nom sg,А
10419,,",",",",PUNCT,,,,,,,,,,PUNCT,,,
10420,,грибы,ГРИБ,S m inan nom pl,,,", рыбалка , _грибы_ , ягоды //",ы,б,и,р,г,,S,ГРИБ,S m inan acc pl,Б
10421,,",",",",PUNCT,,,,,,,,,,PUNCT,,,
10422,,ягоды,ЯГОДА,S f inan nom pl,,,", грибы , _ягоды_ // В общем",ы,д,о,г,я,,S,ЯГОДА,S f inan nom pl,А
10423,,//,//,PUNCT,,,,,,,,,,PUNCT,,,
10424,,В,В,PR,,,", ягоды // _В_ общем ,",в,,,,,,PR,В,PR,В
10425,,общем,ОБЩИЙ,A - loc sg plen m -,,,"ягоды // В _общем_ ,  все",м,е,щ,б,о,,A,ОБЩИЙ,A - loc sg plen m -,Й
10426,,",",",",PUNCT,,,,,,,,,,PUNCT,,,
10427,"<distinct form=""",,,,,,,,,,,,,,,,
10428,<dist>,все,,,,,,,,,,,,,,,
10429,""">",,,,,,,,,,,,,,,,
10430,,всех,ВСЕ,S - - loc pl,,,все  _всех_  ... всех,х,е,с,в,,,S,ВСЕ,S - - loc pl,Е
10431,</distinct>,,,,,,,,,,,,,,,,
10432,,...,...,PUNCT,,,,,,,,,,PUNCT,,,
10433,,всех,ВСЕ,S - - loc pl,,,"всех  ... _всех_ это устраивало ,",х,е,с,в,,,S,ВСЕ,S - - loc pl,Е
10434,,это,ЭТО,SPRO n - nom sg,,,"... всех _это_ устраивало , всем",о,т,э,,,,SPRO,ЭТО,S n - nom sg,О
10435,,устраивало,УСТРАИВАТЬ,V ipf praet sg indic n -,,,"... всех это _устраивало_ , всем это",о,л,а,в,и,а,V,УСТРАИВАТЬ,V ipf praet sg indic n -,Ь
10436,,",",",",PUNCT,,,,,,,,,,PUNCT,,,
10437,,всем,ВСЕ,S - - dat pl,,,"это устраивало , _всем_ это очень нравилось",м,е,с,в,,,S,ВСЕ,S - - dat pl,Е
10438,,это,ЭТО,SPRO n - nom sg,,,"устраивало , всем _это_ очень нравилось ,",о,т,э,,,,SPRO,ЭТО,S n - nom sg,О
10439,,очень,ОЧЕНЬ,ADV -,,,", всем это _очень_ нравилось , и",ь,н,е,ч,о,,ADV,ОЧЕНЬ,ADV -,Ь
10440,,нравилось,НРАВИТЬСЯ,V ipf praet sg indic n -,,,"всем это очень _нравилось_ , и мы",ь,с,о,л,и,в,V,НРАВИТЬСЯ,V ipf praet sg indic n -,Я
10441,,",",",",PUNCT,,,,,,,,,,PUNCT,,,
10442,,и,И,CONJ,,,"очень нравилось , _и_ мы долгое время",и,,,,,,CONJ,И,CONJ,И
10443,,мы,МЫ,SPRO pl 1p - nom,,,"нравилось , и _мы_ долгое время так",ы,м,,,,,SPRO,МЫ,SPRO pl 1p - nom,Ы
10444,,долгое,ДОЛГИЙ,A - acc sg plen n inan,,,", и мы _долгое_ время так ездили",е,о,г,л,о,д,A,ДОЛГИЙ,A - acc sg plen n inan,Й
10445,,время,ВРЕМЯ,S n inan acc sg,,,"и мы долгое _время_ так ездили ,",я,м,е,р,в,,S,ВРЕМЯ,S n inan acc sg,Я
10446,,так,ТАК,ADV -,,,"мы долгое время _так_ ездили , и",к,а,т,,,,ADV,ТАК,ADV -,К
10447,,ездили,ЕЗДИТЬ,V ipf praet pl indic - -,,,"долгое время так _ездили_ , и вот",и,л,и,д,з,е,V,ЕЗДИТЬ,V ipf praet pl indic - -,Ь
10448,,",",",",PUNCT,,,,,,,,,,PUNCT,,,
10449,,и,И,CONJ,,,"так ездили , _и_ вот  ка",и,,,,,,CONJ,И,CONJ,И
10450,,вот,ВОТ,PART,,,"ездили , и _вот_  ка",т,о,в,,,,PART,ВОТ,PART,Т
10451,"<distinct form=""",,,,,,,,,,,,,,,,
10452,<dist>,ка,,,,,,,,,,,,,,,
10453,""">                                                                                                                                ",,,,,,,,,,,,,,,,
10454,,как-то,КАК-ТО,ADV -,,,ка  _как-то_  ... однажды,о,т,-,к,а,к,ADV,КАК-ТО,ADV -,О
10455,</distinct>,,,,,,,,,,,,,,,,
10456,,...,...,PUNCT,,,,,,,,,,PUNCT,,,
10457,,однажды,ОДНАЖДЫ,ADV -,,,как-то  ... _однажды_ был у нас,ы,д,ж,а,н,д,ADV,ОДНАЖДЫ,ADV -,Ы
10458,,был,БЫТЬ,V ipf praet sg indic m -,,,... однажды _был_ у нас такой,л,ы,б,,,,V,БЫТЬ,V ipf praet sg indic m -,Ь
10459,,у,У,PR,,,... однажды был _у_ нас такой случай,у,,,,,,PR,У,PR,У
10460,,нас,МЫ,SPRO pl 1p - gen,,,однажды был у _нас_ такой случай /,с,а,н,,,,SPRO,МЫ,SPRO pl 1p - loc,Ы
10461,,такой,ТАКОЙ,APRO - nom sg plen m -,,,был у нас _такой_ случай / ээ,й,о,к,а,т,,APRO,ТАКОЙ,A - nom sg plen m -,Й
10462,,случай,СЛУЧАЙ,S m inan nom sg,,,у нас такой _случай_ / ээ /,й,а,ч,у,л,с,S,СЛУЧАЙ,S m inan nom sg,Й
10463,,/,/,PUNCT,,,,,,,,,,PUNCT,,,
10464,,ээ,ЭЭ,NONLEX,,,такой случай / _ээ_ / честно сказать,э,э,,,,,NONLEX,ЭЭ,NONLEX,Э
10465,,/,/,PUNCT,,,,,,,,,,PUNCT,,,
10466,,честно,ЧЕСТНО,ADV -,,,"/ ээ / _честно_ сказать , не",о,н,т,с,е,ч,ADV,ЧЕСТНО,ADV -,О
10467,,сказать,СКАЗАТЬ,V pf - - inf - -,,,"ээ / честно _сказать_ , не помню",ь,т,а,з,а,к,V,СКАЗАТЬ,V pf - - inf - -,Ь
10468,,",",",",PUNCT,,,,,,,,,,PUNCT,,,
10469,,не,НЕ,PART,,,"честно сказать , _не_ помню , в",е,н,,,,,PART,НЕ,PART,Е
10470,,помню,ПОМНИТЬ,V ipf praes sg indic - 1p,,,"сказать , не _помню_ , в каком",ю,н,м,о,п,,V,ПОМНИТЬ,V ipf praes sg indic - 1p,Ь
10471,,",",",",PUNCT,,,,,,,,,,PUNCT,,,
10472,,в,В,PR,,,"не помню , _в_ каком году ,",в,,,,,,PR,В,PR,В
10473,,каком,КАКОЙ,APRO - loc sg plen m -,,,"помню , в _каком_ году , был",м,о,к,а,к,,APRO,КАКОЙ,A - loc sg plen m -,Й
10474,,году,ГОД,S m inan loc2 sg,,,", в каком _году_ , был ураган",у,д,о,г,,,S,ГОД,S m inan loc2 sg,Д
10475,,",",",",PUNCT,,,,,,,,,,PUNCT,,,
10476,,был,БЫТЬ,V ipf praet sg indic m -,,,"каком году , _был_ ураган .",л,ы,б,,,,V,БЫТЬ,V ipf praet sg indic m -,Ь
10477,,ураган,УРАГАН,S m inan nom sg,,,"году , был _ураган_ .",н,а,г,а,р,у,S,УРАГАН,S m inan nom sg,Н
10478,,.,.,PUNCT,,,,,,,,,,PUNCT,,,
10479,,,,,,,,,,,,,,,,,
10480,# sent = 823,,,,,,,,,,,,,,,,
10481,# speaker = Т,,,,,,,,,,,,,,,,
10482,# sent = 824,,,,,,,,,,,,,,,,
10483,,Мы,МЫ,SPRO pl 1p - nom,,,_Мы_ себе спокойно ложились,ы,м,,,,,SPRO,МЫ,SPRO pl 1p - nom,Ы
10484,,себе,СЕБЕ,PART,,,Мы _себе_ спокойно ложились спать,е,б,е,с,,,PART,СЕБЯ,PART,Я
10485,,спокойно,СПОКОЙНО,ADV -,,,"Мы себе _спокойно_ ложились спать ,",о,н,й,о,к,о,ADV,СПОКОЙНО,ADV -,О
10486,,ложились,ЛОЖИТЬСЯ,V ipf praet pl indic - -,,,"Мы себе спокойно _ложились_ спать , вечер",ь,с,и,л,и,ж,V,ЛОЖИТЬСЯ,V ipf praet pl indic - -,Я
10487,,спать,СПАТЬ,V ipf - - inf - -,,,"себе спокойно ложились _спать_ , вечер был",ь,т,а,п,с,,V,СПАТЬ,V ipf - - inf - -,Ь
10488,,",",",",PUNCT,,,,,,,,,,PUNCT,,,
10489,,вечер,ВЕЧЕР,S m inan nom sg,,,"ложились спать , _вечер_ был , вдруг",р,е,ч,е,в,,S,ВЕЧЕР,S m inan nom sg,Р
10490,,был,БЫТЬ,V ipf praet sg indic m -,,,"спать , вечер _был_ , вдруг подул",л,ы,б,,,,V,БЫТЬ,V ipf praet sg indic m -,Ь
10491,,",",",",PUNCT,,,,,,,,,,PUNCT,,,
10492,,вдруг,ВДРУГ,ADV -,,,"вечер был , _вдруг_ подул очень сильный",г,у,р,д,в,,ADV,ВДРУГ,ADV -,Г
10493,,подул,ПОДУТЬ,V pf praet sg indic m -,,,"был , вдруг _подул_ очень сильный ветер",л,у,д,о,п,,V,ПОДУТЬ,V pf praet sg indic m -,Ь
10494,,очень,ОЧЕНЬ,ADV -,,,", вдруг подул _очень_ сильный ветер .",ь,н,е,ч,о,,ADV,ОЧЕНЬ,ADV -,Ь
10495,,сильный,СИЛЬНЫЙ,A - nom sg plen m -,,,вдруг подул очень _сильный_ ветер .,й,ы,н,ь,л,и,A,СИЛЬНЫЙ,A - nom sg plen m -,Й
10496,,ветер,ВЕТЕР,S m inan nom sg,,,подул очень сильный _ветер_ .,р,е,т,е,в,,S,ВЕТЕР,S m inan nom sg,Р
10497,,.,.,PUNCT,,,,,,,,,,PUNCT,,,
10498,,,,,,,,,,,,,,,,,
10499,# sent = 825,,,,,,,,,,,,,,,,
10500,,Дети,РЕБЕНОК,S m anim nom pl,,,".   _Дети_ уже спали ,",и,т,е,д,,,S,РЕБЕНОК,S m anim nom pl,К
10501,,уже,УЖЕ,ADV -,,,"Дети _уже_ спали , мы",е,ж,у,,,,ADV,УЖЕ,ADV -,Е
10502,,спали,СПАТЬ,V ipf praet pl indic - -,,,"Дети уже _спали_ , мы так",и,л,а,п,с,,V,СПАТЬ,V ipf praet pl indic - -,Ь
10503,,",",",",PUNCT,,,,,,,,,,PUNCT,,,
10504,,мы,МЫ,SPRO pl 1p - nom,,,"уже спали , _мы_ так тоже уже",ы,м,,,,,SPRO,МЫ,SPRO pl 1p - nom,Ы
10505,,так,ТАК,ADV -,,,"спали , мы _так_ тоже уже в",к,а,т,,,,ADV,ТАК,ADV -,К
10506,,тоже,ТОЖЕ,PART,,,", мы так _тоже_ уже в палатках",е,ж,о,т,,,PART,ТОЖЕ,PART,Е
10507,,уже,УЖЕ,ADV -,,,мы так тоже _уже_ в палатках засыпали,е,ж,у,,,,ADV,УЖЕ,ADV -,Е
10508,,в,В,PR,,,"так тоже уже _в_ палатках засыпали ,",в,,,,,,PR,В,PR,В
10509,,палатках,ПАЛАТКА,S f inan loc pl,,,"тоже уже в _палатках_ засыпали , вдруг",х,а,к,т,а,л,S,ПАЛАТКА,S f inan loc pl,А
10510,,засыпали,ЗАСЫПАТЬ,V pf praet pl indic - -,,,"уже в палатках _засыпали_ , вдруг мы",и,л,а,п,ы,с,V,ЗАСЫПАТЬ,V pf praet pl indic - -,Ь
10511,,",",",",PUNCT,,,,,,,,,,PUNCT,,,
10512,,вдруг,ВДРУГ,ADV -,,,"палатках засыпали , _вдруг_ мы поняли ,",г,у,р,д,в,,ADV,ВДРУГ,ADV -,Г
10513,,мы,МЫ,SPRO pl 1p - nom,,,"засыпали , вдруг _мы_ поняли , что",ы,м,,,,,SPRO,МЫ,SPRO pl 1p - nom,Ы
10514,,поняли,ПОНЯТЬ,V pf praet pl indic - -,,,", вдруг мы _поняли_ , что палатка",и,л,я,н,о,п,V,ПОНЯТЬ,V pf praet pl indic - -,Ь
10515,,",",",",PUNCT,,,,,,,,,,PUNCT,,,
10516,,что,ЧТО,CONJ,,,"мы поняли , _что_ палатка наша /",о,т,ч,,,,CONJ,ЧТО,CONJ,О
10517,,палатка,ПАЛАТКА,S f inan nom sg,,,"поняли , что _палатка_ наша / улетает",а,к,т,а,л,а,S,ПАЛАТКА,S f inan nom sg,А
10518,,наша,НАШ,APRO - nom sg plen f -,,,", что палатка _наша_ / улетает !",а,ш,а,н,,,APRO,НАШ,A - nom sg plen f -,Ш
10519,,/,/,PUNCT,,,,,,,,,,PUNCT,,,
10520,,улетает,УЛЕТАТЬ,V ipf praes sg indic - 3p,,,палатка наша / _улетает_ !,т,е,а,т,е,л,V,УЛЕТАТЬ,V ipf praes sg indic - 3p,Ь
10521,,!,!,PUNCT,,,,,,,,,,PUNCT,,,
10522,,,,,,,,,,,,,,,,,
10523,# sent = 826,,,,,,,,,,,,,,,,
10524,,Мы,МЫ,SPRO pl 1p - nom,,,!   _Мы_ с мужем встали,ы,м,,,,,SPRO,МЫ,SPRO pl 1p - nom,Ы
10525,,с,С,PR,,,"Мы _с_ мужем встали ,",с,,,,,,PR,С,PR,С
10526,,мужем,МУЖ,S m anim ins sg,,,"Мы с _мужем_ встали ,",м,е,ж,у,м,,S,МУЖ,S m anim ins sg,Ж
10527,,встали,ВСТАТЬ,V pf praet pl indic - -,,,"Мы с мужем _встали_ ,  у",и,л,а,т,с,в,V,ВСТАТЬ,V pf praet pl indic - -,Ь
10528,,",",",",PUNCT,,,,,,,,,,PUNCT,,,
10529,"<distinct form=""",,,,,,,,,,,,,,,,
10530,<dist>,у,,,,,,,,,,,,,,,
10531,""">                                                                                                                                ",,,,,,,,,,,,,,,,
10532,,ухватились,УХВАТИТЬСЯ,V pf praet pl indic - -,,,у  _ухватились_  ... ухватились,ь,с,и,л,и,т,V,УХВАТИТЬСЯ,V pf praet pl indic - -,Я
10533,</distinct>,,,,,,,,,,,,,,,,
10534,,...,...,PUNCT,,,,,,,,,,PUNCT,,,
10535,,ухватились,УХВАТИТЬСЯ,V pf praet pl indic - -,,,ухватились  ... _ухватились_ за / ээ,ь,с,и,л,и,т,V,УХВАТИТЬСЯ,V pf praet pl indic - -,Я
10536,,за,ЗА,PR,,,... ухватились _за_ / ээ /,а,з,,,,,PR,ЗА,PR,А
10537,,/,/,PUNCT,,,,,,,,,,PUNCT,,,
10538,,ээ,ЭЭ,NONLEX,,,ухватились за / _ээ_ / за края,э,э,,,,,NONLEX,ЭЭ,NONLEX,Э
10539,,/,/,PUNCT,,,,,,,,,,PUNCT,,,
10540,,за,ЗА,PR,,,"/ ээ / _за_ края , за",а,з,,,,,PR,ЗА,PR,А
10541,,края,КРАЙ,S m inan acc pl,,,"ээ / за _края_ , за /",я,а,р,к,,,S,КРАЙ,S m inan gen sg,Й
10542,,",",",",PUNCT,,,,,,,,,,PUNCT,,,
10543,,за,ЗА,PR,,,"за края , _за_ / стойки ,",а,з,,,,,PR,ЗА,PR,А
10544,,/,/,PUNCT,,,,,,,,,,PUNCT,,,
10545,,стойки,СТОЙКА,S f inan acc pl,,,", за / _стойки_ , но ветер",и,к,й,о,т,с,S,СТОЙКА,S f inan gen sg,А
10546,,",",",",PUNCT,,,,,,,,,,PUNCT,,,
10547,,но,НО,CONJ,,,"/ стойки , _но_ ветер все сильнее",о,н,,,,,CONJ,НО,CONJ,О
10548,,ветер,ВЕТЕР,S m inan nom sg,,,"стойки , но _ветер_ все сильнее ,",р,е,т,е,в,,S,ВЕТЕР,S m inan nom sg,Р
10549,,все,ВСЕ,S - - acc pl,,,", но ветер _все_ сильнее , дождь",е,с,в,,,,S,ВСЕ,S - - acc pl,Е
10550,,сильнее,СИЛЬНО,ADV comp,,,"но ветер все _сильнее_ , дождь пошел",е,е,н,ь,л,и,ADV,СИЛЬНО,ADV comp,О
10551,,",",",",PUNCT,,,,,,,,,,PUNCT,,,
10552,,дождь,ДОЖДЬ,S m inan nom sg,,,"все сильнее , _дождь_ пошел сильный ,",ь,д,ж,о,д,,S,ДОЖДЬ,S m inan nom sg,Ь
10553,,пошел,ПОЙТИ,V pf praet sg indic m -,,,"сильнее , дождь _пошел_ сильный , родители",л,е,ш,о,п,,V,ПОЙТИ,V pf praet sg indic m -,И
10554,,сильный,СИЛЬНЫЙ,A - nom sg plen m -,,,", дождь пошел _сильный_ , родители уже",й,ы,н,ь,л,и,A,СИЛЬНЫЙ,A - nom sg plen m -,Й
10555,,",",",",PUNCT,,,,,,,,,,PUNCT,,,
10556,,родители,РОДИТЕЛЬ,S m anim nom pl,,,"пошел сильный , _родители_ уже все тоже",и,л,е,т,и,д,S,РОДИТЕЛЬ,S m anim nom pl,Ь
10557,,уже,УЖЕ,ADV -,,,"сильный , родители _уже_ все тоже повылезали",е,ж,у,,,,ADV,УЖЕ,ADV -,Е
10558,,все,ВСЕ,S - - nom pl,,,", родители уже _все_ тоже повылезали из",е,с,в,,,,S,ВСЕ,S - - nom pl,Е
10559,,тоже,ТОЖЕ,PART,,,родители уже все _тоже_ повылезали из палаток,е,ж,о,т,,,PART,ТОЖЕ,PART,Е
10560,,повылезали,ПОВЫЛЕЗАТЬ,V pf praet pl indic - -,,,"уже все тоже _повылезали_ из палаток ,",и,л,а,з,е,л,V,ПОВЫЛЕЗАТЬ,V pf praet pl indic - -,Ь
10561,,из,ИЗ,PR,,,"все тоже повылезали _из_ палаток , ну",з,и,,,,,PR,ИЗ,PR,З
10562,,палаток,ПАЛАТКА,S f inan gen pl,,,"тоже повылезали из _палаток_ , ну ,",к,о,т,а,л,а,S,ПАЛАТКА,S f inan gen pl,А
10563,,",",",",PUNCT,,,,,,,,,,PUNCT,,,
10564,,ну,НУ,PART,,,"из палаток , _ну_ , когда начали",у,н,,,,,PART,НУ,PART,У
10565,,",",",",PUNCT,,,,,,,,,,PUNCT,,,
10566,,когда,КОГДА,CONJ,,,", ну , _когда_ начали падать деревья",а,д,г,о,к,,CONJ,КОГДА,CONJ,А
10567,,начали,НАЧАТЬ,V pf praet pl indic - -,,,"ну , когда _начали_ падать деревья ,",и,л,а,ч,а,н,V,НАЧАТЬ,V pf praet pl indic - -,Ь
10568,,падать,ПАДАТЬ,V ipf - - inf - -,,,", когда начали _падать_ деревья , то",ь,т,а,д,а,п,V,ПАДАТЬ,V ipf - - inf - -,Ь
10569,,деревья,ДЕРЕВО,S n inan acc pl,,,"когда начали падать _деревья_ , то мы",я,ь,в,е,р,е,S,ДЕРЕВО,S n inan acc pl,О
10570,,",",",",PUNCT,,,,,,,,,,PUNCT,,,
10571,,то,ТО,CONJ,,,"падать деревья , _то_ мы поняли ,",о,т,,,,,CONJ,ТО,CONJ,О
10572,,мы,МЫ,SPRO pl 1p - nom,,,"деревья , то _мы_ поняли , что",ы,м,,,,,SPRO,МЫ,SPRO pl 1p - nom,Ы
10573,,поняли,ПОНЯТЬ,V pf praet pl indic - -,,,", то мы _поняли_ , что нам",и,л,я,н,о,п,V,ПОНЯТЬ,V pf praet pl indic - -,Ь
10574,,",",",",PUNCT,,,,,,,,,,PUNCT,,,
10575,,что,ЧТО,CONJ,,,"мы поняли , _что_ нам реально угрожает",о,т,ч,,,,CONJ,ЧТО,CONJ,О
10576,,нам,МЫ,SPRO pl 1p - dat,,,"поняли , что _нам_ реально угрожает опасность",м,а,н,,,,SPRO,МЫ,SPRO pl 1p - dat,Ы
10577,,реально,РЕАЛЬНО,ADV -,,,", что нам _реально_ угрожает опасность ,",о,н,ь,л,а,е,ADV,РЕАЛЬНО,ADV -,О
10578,,угрожает,УГРОЖАТЬ,V ipf praes sg indic - 3p,,,"что нам реально _угрожает_ опасность ,",т,е,а,ж,о,р,V,УГРОЖАТЬ,V ipf praes sg indic - 3p,Ь
10579,,опасность,ОПАСНОСТЬ,S f inan nom sg,,,"нам реально угрожает _опасность_ ,  птшто",ь,т,с,о,н,с,S,ОПАСНОСТЬ,S f inan nom sg,Ь
10580,,",",",",PUNCT,,,,,,,,,,PUNCT,,,
10581,"<distinct form=""",,,,,,,,,,,,,,,,
10582,<dist>,птшто,,,,,,,,,,,,,,,
10583,""">                                                                                                                                ",,,,,,,,,,,,,,,,
10584,,потому что,потому что,CONJ,,,птшто  _потому что_  кругом это,о,т,ч,,у,м,CONJ,потому что,CONJ,о
10585,</distinct>,,,,,,,,,,,,,,,,
10586,,кругом,КРУГОМ,ADV -,,,потому что  _кругом_ это же все,м,о,г,у,р,к,ADV,КРУГОМ,ADV -,М
10587,,это,ЭТО,SPRO n - nom sg,,,потому что  кругом _это_ же все в,о,т,э,,,,SPRO,ЭТО,S n - nom sg,О
10588,,же,ЖЕ,PART,,,кругом это _же_ все в лесу,е,ж,,,,,PART,ЖЕ,PART,Е
10589,,все,ВСЁ,SPRO n - nom sg,,,"кругом это же _все_ в лесу ,",е,с,в,,,,S,ВСЕ,S - - nom pl,Е
10590,,в,В,PR,,,"это же все _в_ лесу , вот",в,,,,,,PR,В,PR,В
10591,,лесу,ЛЕС,S m inan loc2 sg,,,"же все в _лесу_ , вот .",у,с,е,л,,,S,ЛЕС,S m inan loc2 sg,С
10592,,",",",",PUNCT,,,,,,,,,,PUNCT,,,
10593,,вот,ВОТ,PART,,,"в лесу , _вот_ .",т,о,в,,,,PART,ВОТ,PART,Т
10594,,.,.,PUNCT,,,,,,,,,,PUNCT,,,
10595,,,,,,,,,,,,,,,,,
10596,# sent = 827,,,,,,,,,,,,,,,,
10597,# speaker = Т,,,,,,,,,,,,,,,,
10598,# sent = 828,,,,,,,,,,,,,,,,
10599,,Старшие,СТАРШИЙ,S m anim nom pl,,,_Старшие_ сказали : немедленно,е,и,ш,р,а,т,S,СТАРШИЙ,S m anim nom pl,Й
10600,,сказали,СКАЗАТЬ,V pf praet pl indic - -,,,Старшие _сказали_ : немедленно все,и,л,а,з,а,к,V,СКАЗАТЬ,V pf praet pl indic - -,Ь
10601,,:,:,PUNCT,,,,,,,,,,PUNCT,,,
10602,,немедленно,НЕМЕДЛЕННО,ADV -,,,Старшие сказали : _немедленно_ все в машины,о,н,н,е,л,д,ADV,НЕМЕДЛЕННО,ADV -,О
10603,,все,ВСЕ,S - - nom pl,,,"сказали : немедленно _все_ в машины ,",е,с,в,,,,S,ВСЕ,S - - nom pl,Е
10604,,в,В,PR,,,": немедленно все _в_ машины , выезжаем",в,,,,,,PR,В,PR,В
10605,,машины,МАШИНА,S f inan acc pl,,,"немедленно все в _машины_ , выезжаем в",ы,н,и,ш,а,м,S,МАШИНА,S f inan gen sg,А
10606,,",",",",PUNCT,,,,,,,,,,PUNCT,,,
10607,,выезжаем,ВЫЕЗЖАТЬ,V ipf praes pl indic - 1p,,,"в машины , _выезжаем_ в поле ,",м,е,а,ж,з,е,V,ВЫЕЗЖАТЬ,V ipf praes pl indic - 1p,Ь
10608,,в,В,PR,,,"машины , выезжаем _в_ поле , будем",в,,,,,,PR,В,PR,В
10609,,поле,ПОЛЕ,S n inan acc sg,,,", выезжаем в _поле_ , будем там",е,л,о,п,,,S,ПОЛЕ,S n inan loc sg,Е
10610,,",",",",PUNCT,,,,,,,,,,PUNCT,,,
10611,,будем,БЫТЬ,V ipf - pl indic - 1p,,,"в поле , _будем_ там пережидать ,",м,е,д,у,б,,V,БЫТЬ,V ipf - pl imper - 1p,Ь
10612,,там,ТАМ,ADV -,,,"поле , будем _там_ пережидать , чтобы",м,а,т,,,,ADV,ТАМ,ADV -,М
10613,,пережидать,ПЕРЕЖИДАТЬ,V ipf - - inf - -,,,", будем там _пережидать_ , чтобы хотя бы",ь,т,а,д,и,ж,V,ПЕРЕЖИДАТЬ,V ipf - - inf - -,Ь
10614,,",",",",PUNCT,,,,,,,,,,PUNCT,,,
10615,,чтобы,ЧТОБЫ,CONJ,,,"там пережидать , _чтобы_ хотя бы деревья на",ы,б,о,т,ч,,CONJ,ЧТОБЫ,CONJ,Ы
10616,,хотя бы,хотя бы,ADV -,,,"пережидать , чтобы _хотя бы_ деревья на нас",ы,б,,я,т,о,ADV,хотя бы,ADV -,ы
10617,,деревья,ДЕРЕВО,S n inan nom pl,,,", чтобы хотя бы _деревья_ на нас не",я,ь,в,е,р,е,S,ДЕРЕВО,S n inan nom pl,О
10618,,на,НА,PR,,,чтобы хотя бы деревья _на_ нас не падали,а,н,,,,,PR,НА,PR,А
10619,,нас,МЫ,SPRO pl 1p - acc,,,хотя бы деревья на _нас_ не падали .,с,а,н,,,,SPRO,МЫ,SPRO pl 1p - loc,Ы
10620,,не,НЕ,PART,,,деревья на нас _не_ падали .,е,н,,,,,PART,НЕ,PART,Е
10621,,падали,ПАДАТЬ,V ipf praet pl indic - -,,,на нас не _падали_ .,и,л,а,д,а,п,V,ПАДАТЬ,V ipf praet pl indic - -,Ь
10622,,.,.,PUNCT,,,,,,,,,,PUNCT,,,
10623,,,,,,,,,,,,,,,,,
10624,# sent = 829,,,,,,,,,,,,,,,,
10625,,Ну,НУ,PART,,,.   _Ну_ мы по машинам,у,н,,,,,PART,НУ,PART,У
10626,,мы,МЫ,SPRO pl 1p - nom,,,Ну _мы_ по машинам расселись,ы,м,,,,,SPRO,МЫ,SPRO pl 1p - nom,Ы
10627,,по,ПО,PR,,,"Ну мы _по_ машинам расселись ,",о,п,,,,,PR,ПО,PR,О
10628,,машинам,МАШИНА,S f inan dat pl,,,"Ну мы по _машинам_ расселись ,",м,а,н,и,ш,а,S,МАШИНА,S f inan dat pl,А
10629,,расселись,РАССЕСТЬСЯ,V pf praet pl indic - -,,,"мы по машинам _расселись_ ,  пое",ь,с,и,л,е,с,V,РАССЕСТЬСЯ,V pf praet pl indic - -,Я
10630,,",",",",PUNCT,,,,,,,,,,PUNCT,,,
10631,"<distinct form=""",,,,,,,,,,,,,,,,
10632,<dist>,пое,,,,,,,,,,,,,,,
10633,""">                                                                                                                               ",,,,,,,,,,,,,,,,
10634,,поехали,ПОЕХАТЬ,V pf praet pl indic - -,,,пое  _поехали_  выехали в,и,л,а,х,е,о,V,ПОЕХАТЬ,V pf praet pl indic - -,Ь
10635,</distinct>,,,,,,,,,,,,,,,,
10636,,выехали,ВЫЕХАТЬ,V pf praet pl indic - -,,,"поехали  _выехали_ в поле ,",и,л,а,х,е,ы,V,ВЫЕХАТЬ,V pf praet pl indic - -,Ь
10637,,в,В,PR,,,"поехали  выехали _в_ поле , и",в,,,,,,PR,В,PR,В
10638,,поле,ПОЛЕ,S n inan acc sg,,,"выехали в _поле_ , и там",е,л,о,п,,,S,ПОЛЕ,S n inan loc sg,Е
10639,,",",",",PUNCT,,,,,,,,,,PUNCT,,,
10640,,и,И,CONJ,,,"в поле , _и_ там нам пришлось",и,,,,,,CONJ,И,CONJ,И
10641,,там,ТАМ,ADV -,,,"поле , и _там_ нам пришлось ночевать",м,а,т,,,,ADV,ТАМ,ADV -,М
10642,,нам,МЫ,SPRO pl 1p - dat,,,", и там _нам_ пришлось ночевать .",м,а,н,,,,SPRO,МЫ,SPRO pl 1p - dat,Ы
10643,,пришлось,ПРИЙТИСЬ,V pf praet sg indic n -,,,и там нам _пришлось_ ночевать .,ь,с,о,л,ш,и,V,ПРИЙТИСЬ,V pf praet sg indic n -,Ь
10644,,ночевать,НОЧЕВАТЬ,V ipf - - inf - -,,,там нам пришлось _ночевать_ .,ь,т,а,в,е,ч,V,НОЧЕВАТЬ,V ipf - - inf - -,Ь
10645,,.,.,PUNCT,,,,,,,,,,PUNCT,,,
10646,,,,,,,,,,,,,,,,,
10647,# sent = 830,,,,,,,,,,,,,,,,
10648,,Дождь,ДОЖДЬ,S m inan nom sg,,,.   _Дождь_ лил  вабще,ь,д,ж,о,д,,S,ДОЖДЬ,S m inan nom sg,Ь
10649,,лил,ЛИТЬ,V ipf praet sg indic m -,,,Дождь _лил_  вабще,л,и,л,,,,V,ЛИТЬ,V ipf praet sg indic m -,Ь
10650,"<distinct form=""",,,,,,,,,,,,,,,,
10651,<dist>,вабще,,,,,,,,,,,,,,,
10652,""">                                                                                                                                ",,,,,,,,,,,,,,,,
10653,,вообще,ВООБЩЕ,ADV -,,,"вабще  _вообще_  , ходили",е,щ,б,о,о,в,ADV,ВООБЩЕ,ADV -,Е
10654,</distinct>,,,,,,,,,,,,,,,,
10655,,",",",",PUNCT,,,,,,,,,,PUNCT,,,
10656,,ходили,ХОДИТЬ,V ipf praet pl indic - -,,,"вообще  , _ходили_ на кухню там",и,л,и,д,о,х,V,ХОДИТЬ,V ipf praet pl indic - -,Ь
10657,,на,НА,PR,,,", ходили _на_ кухню там",а,н,,,,,PR,НА,PR,А
10658,,кухню,КУХНЯ,S f inan acc sg,,,", ходили на _кухню_ там  ежли",ю,н,х,у,к,,S,КУХНЯ,S f inan acc sg,Я
10659,,там,ТАМ,ADV -,,,ходили на кухню _там_  ежли,м,а,т,,,,ADV,ТАМ,ADV -,М
10660,"<distinct form=""",,,,,,,,,,,,,,,,
10661,<dist>,ежли,,,,,,,,,,,,,,,
10662,""">",,,,,,,,,,,,,,,,
10663,,ежели,ЕЖЕЛИ,CONJ,,,ежли  _ежели_   чё,и,л,е,ж,е,,CONJ,ЕЖЕЛИ,CONJ,И
10664,</distinct>,,,,,,,,,,,,,,,,
10665,"<distinct form=""",,,,,,,,,,,,,,,,
10666,<dist>,чё,,,,,,,,,,,,,,,
10667,""">                                                                                                                                ",,,,,,,,,,,,,,,,
10668,,что,ЧТО,ADV -,,,чё  _что_  поесть взять,о,т,ч,,,,ADV,ЧТО,ADV -,О
10669,</distinct>,,,,,,,,,,,,,,,,
10670,,поесть,ПОЕСТЬ,V pf - - inf - -,,,"что  _поесть_ взять босиком ,",ь,т,с,е,о,п,V,ПОЕСТЬ,V pf - - inf - -,Ь
10671,,взять,ВЗЯТЬ,V pf - - inf - -,,,"что  поесть _взять_ босиком , по",ь,т,я,з,в,,V,ВЗЯТЬ,V pf - - inf - -,Ь
10672,,босиком,БОСИКОМ,ADV -,,,"поесть взять _босиком_ , по колено",м,о,к,и,с,о,ADV,БОСИКОМ,ADV -,М
10673,,",",",",PUNCT,,,,,,,,,,PUNCT,,,
10674,,по,ПО,PR,,,"взять босиком , _по_ колено в воде",о,п,,,,,PR,ПО,PR,О
10675,,колено,КОЛЕНО,S n inan acc sg,,,"босиком , по _колено_ в воде .",о,н,е,л,о,к,S,КОЛЕНО,S n inan acc sg,О
10676,,в,В,PR,,,", по колено _в_ воде .",в,,,,,,PR,В,PR,В
10677,,воде,ВОДА,S f inan loc sg,,,по колено в _воде_ .,е,д,о,в,,,S,ВОДА,S f inan loc sg,А
10678,,.,.,PUNCT,,,,,,,,,,PUNCT,,,
10679,,,,,,,,,,,,,,,,,
10680,# sent = 831,,,,,,,,,,,,,,,,
10681,"<distinct form=""",,,,,,,,,,,,,,,,
10682,<dist>,Токо,,,,,,,,,,,,,,,
10683,""">",,,,,,,,,,,,,,,,
10684,,Только,ТОЛЬКО,PART,,,Токо  _Только_  наш папа,о,к,ь,л,о,т,PART,ТОЛЬКО,PART,О
10685,</distinct>,,,,,,,,,,,,,,,,
10686,,наш,НАШ,APRO - nom sg plen m -,,,"Только  _наш_ папа , мой",ш,а,н,,,,APRO,НАШ,A - nom sg plen m -,Ш
10687,,папа,ПАПА,S m anim nom sg,,,"Только  наш _папа_ , мой муж",а,п,а,п,,,S,ПАПА,S m anim nom sg,А
10688,,",",",",PUNCT,,,,,,,,,,PUNCT,,,
10689,,мой,МОЙ,APRO - nom sg plen m -,,,"наш папа , _мой_ муж , всмысле",й,о,м,,,,APRO,МОЙ,A - nom sg plen m -,Й
10690,,муж,МУЖ,S m anim nom sg,,,"папа , мой _муж_ , всмысле ,",ж,у,м,,,,S,МУЖ,S m anim nom sg,Ж
10691,,",",",",PUNCT,,,,,,,,,,PUNCT,,,
10692,,всмысле,ВСМЫСЛ,S m inan loc sg,distort,,"мой муж , _всмысле_ , он сказал",е,л,с,ы,м,с,S,ВСМЫСЛ,S m inan loc sg,Л
10693,,",",",",PUNCT,,,,,,,,,,PUNCT,,,
10694,,он,ОН,SPRO sg 3p m nom,,,", всмысле , _он_ сказал ,",н,о,,,,,SPRO,ОН,SPRO sg 3p m nom,Н
10695,,сказал,СКАЗАТЬ,V pf praet sg indic m -,,,"всмысле , он _сказал_ ,  шо",л,а,з,а,к,с,V,СКАЗАТЬ,V pf praet sg indic m -,Ь
10696,,",",",",PUNCT,,,,,,,,,,PUNCT,,,
10697,"<distinct form=""",,,,,,,,,,,,,,,,
10698,<dist>,шо,,,,,,,,,,,,,,,
10699,""">",,,,,,,,,,,,,,,,
10700,,что,ЧТО,CONJ,,,шо  _что_  ему в,о,т,ч,,,,CONJ,ЧТО,CONJ,О
10701,</distinct>,,,,,,,,,,,,,,,,
10702,,ему,ОН,SPRO sg 3p m dat,,,что  _ему_ в машине спать,у,м,е,,,,SPRO,ОН,SPRO sg 3p m dat,Н
10703,,в,В,PR,,,что  ему _в_ машине спать неудобно,в,,,,,,PR,В,PR,В
10704,,машине,МАШИНА,S f inan loc sg,,,"ему в _машине_ спать неудобно ,",е,н,и,ш,а,м,S,МАШИНА,S f inan loc sg,А
10705,,спать,СПАТЬ,V ipf - - inf - -,,,"ему в машине _спать_ неудобно , и",ь,т,а,п,с,,V,СПАТЬ,V ipf - - inf - -,Ь
10706,,неудобно,НЕУДОБНО,PRAEDIC,,,"в машине спать _неудобно_ , и пошел",о,н,б,о,д,у,PRAEDIC,НЕУДОБНО,ADV -,О
10707,,",",",",PUNCT,,,,,,,,,,PUNCT,,,
10708,,и,И,CONJ,,,"спать неудобно , _и_ пошел спать в",и,,,,,,CONJ,И,CONJ,И
10709,,пошел,ПОЙТИ,V pf praet sg indic m -,,,"неудобно , и _пошел_ спать в палатку",л,е,ш,о,п,,V,ПОЙТИ,V pf praet sg indic m -,И
10710,,спать,СПАТЬ,V ipf - - inf - -,,,", и пошел _спать_ в палатку .",ь,т,а,п,с,,V,СПАТЬ,V ipf - - inf - -,Ь
10711,,в,В,PR,,,и пошел спать _в_ палатку .,в,,,,,,PR,В,PR,В
10712,,палатку,ПАЛАТКА,S f inan acc sg,,,пошел спать в _палатку_ .,у,к,т,а,л,а,S,ПАЛАТКА,S f inan acc sg,А
10713,,.,.,PUNCT,,,,,,,,,,PUNCT,,,
10714,,,,,,,,,,,,,,,,,
10715,# sent = 832,,,,,,,,,,,,,,,,
10716,,Мы,МЫ,SPRO pl 1p - nom,,,".   _Мы_ , конечно ,",ы,м,,,,,SPRO,МЫ,SPRO pl 1p - nom,Ы
10717,,",",",",PUNCT,,,,,,,,,,PUNCT,,,
10718,,конечно,КОНЕЧНО,ADV -,,,"Мы , _конечно_ , все переживали",о,н,ч,е,н,о,ADV,КОНЕЧНО,ADV -,О
10719,,",",",",PUNCT,,,,,,,,,,PUNCT,,,
10720,,все,ВСЕ,S - - nom pl,,,", конечно , _все_ переживали ,",е,с,в,,,,S,ВСЕ,S - - nom pl,Е
10721,,переживали,ПЕРЕЖИВАТЬ,V ipf praet pl indic - -,,,"конечно , все _переживали_ ,  птшто",и,л,а,в,и,ж,V,ПЕРЕЖИВАТЬ,V ipf praet pl indic - -,Ь
10722,,",",",",PUNCT,,,,,,,,,,PUNCT,,,
10723,"<distinct form=""",,,,,,,,,,,,,,,,
10724,<dist>,птшто,,,,,,,,,,,,,,,
10725,""">",,,,,,,,,,,,,,,,
10726,,потому что,потому что,CONJ,,,птшто  _потому что_  дерево упадет,о,т,ч,,у,м,CONJ,потому что,CONJ,о
10727,</distinct>,,,,,,,,,,,,,,,,
10728,,дерево,ДЕРЕВО,S n inan nom sg,,,потому что  _дерево_ упадет - оно,о,в,е,р,е,д,S,ДЕРЕВО,S n inan nom sg,О
10729,,упадет,УПАСТЬ,V pf fut sg indic - 3p,,,потому что  дерево _упадет_ - оно таки,т,е,д,а,п,у,V,УПАСТЬ,V pf fut sg indic - 3p,Ь
10730,,-,-,PUNCT,,,,,,,,,,PUNCT,,,
10731,,оно,ОНО,SPRO sg 3p n nom,,,"дерево упадет - _оно_ таки упало ,",о,н,о,,,,SPRO,ОНО,SPRO sg 3p n nom,О
10732,,таки,ТАКИ,PART,,,"упадет - оно _таки_ упало , но",и,к,а,т,,,PART,ТАКИ,PART,И
10733,,упало,УПАСТЬ,V pf praet sg indic n -,,,"- оно таки _упало_ , но промахнулось",о,л,а,п,у,,V,УПАСТЬ,V pf praet sg indic n -,Ь
10734,,",",",",PUNCT,,,,,,,,,,PUNCT,,,
10735,,но,НО,CONJ,,,"таки упало , _но_ промахнулось , по",о,н,,,,,CONJ,НО,CONJ,О
10736,,промахнулось,ПРОМАХНУТЬСЯ,V pf praet sg indic n -,,,"упало , но _промахнулось_ , по палатке",ь,с,о,л,у,н,V,ПРОМАХНУТЬСЯ,V pf praet sg indic n -,Я
10737,,",",",",PUNCT,,,,,,,,,,PUNCT,,,
10738,,по,ПО,PR,,,"но промахнулось , _по_ палатке не попало",о,п,,,,,PR,ПО,PR,О
10739,,палатке,ПАЛАТКА,S f inan dat sg,,,"промахнулось , по _палатке_ не попало ,",е,к,т,а,л,а,S,ПАЛАТКА,S f inan loc sg,А
10740,,не,НЕ,PART,,,", по палатке _не_ попало , вот",е,н,,,,,PART,НЕ,PART,Е
10741,,попало,ПОПАДАТЬ,V pf praet sg indic n -,,,"по палатке не _попало_ , вот .",о,л,а,п,о,п,V,ПОПАДАТЬ,V pf praet sg indic n -,Ь
10742,,",",",",PUNCT,,,,,,,,,,PUNCT,,,
10743,,вот,ВОТ,PART,,,"не попало , _вот_ .",т,о,в,,,,PART,ВОТ,PART,Т
10744,,.,.,PUNCT,,,,,,,,,,PUNCT,,,
10745,,,,,,,,,,,,,,,,,
10746,# sent = 833,,,,,,,,,,,,,,,,
10747,# speaker = Т,,,,,,,,,,,,,,,,
10748,# sent = 834,,,,,,,,,,,,,,,,
10749,,Ну,НУ,PART,,,"_Ну_ , и это",у,н,,,,,PART,НУ,PART,У
10750,,",",",",PUNCT,,,,,,,,,,PUNCT,,,
10751,,и,И,CONJ,,,"Ну , _и_ это длилось почти",и,,,,,,CONJ,И,CONJ,И
10752,,это,ЭТО,SPRO n - nom sg,,,"Ну , и _это_ длилось почти сутки",о,т,э,,,,SPRO,ЭТО,S n - nom sg,О
10753,,длилось,ДЛИТЬСЯ,V ipf praet sg indic n -,,,", и это _длилось_ почти сутки ,",ь,с,о,л,и,л,V,ДЛИТЬСЯ,V ipf praet sg indic n -,Я
10754,,почти,ПОЧТИ,ADV -,,,"и это длилось _почти_ сутки , /",и,т,ч,о,п,,ADV,ПОЧТИ,ADV -,И
10755,,сутки,СУТКИ,S - inan acc pl,,,"это длилось почти _сутки_ , / в",и,к,т,у,с,,S,СУТКИ,S - inan acc pl,И
10756,,",",",",PUNCT,,,,,,,,,,PUNCT,,,
10757,,/,/,PUNCT,,,,,,,,,,PUNCT,,,
10758,,в,В,PR,,,"сутки , / _в_ общем - то",в,,,,,,PR,В,PR,В
10759,,общем,ОБЩИЙ,A - loc sg plen m -,,,", / в _общем_ - то ну",м,е,щ,б,о,,A,ОБЩИЙ,A - loc sg plen m -,Й
10760,,-,-,PUNCT,,,,,,,,,,PUNCT,,,
10761,,то,ТО,CONJ,,,в общем - _то_ ну потом ветер,о,т,,,,,CONJ,ТО,CONJ,О
10762,,ну,НУ,PART,,,"общем - то _ну_ потом ветер ,",у,н,,,,,PART,НУ,PART,У
10763,,потом,ПОТОМ,ADV -,,,"- то ну _потом_ ветер , конечно",м,о,т,о,п,,ADV,ПОТОМ,ADV -,М
10764,,ветер,ВЕТЕР,S m inan nom sg,,,"то ну потом _ветер_ , конечно ,",р,е,т,е,в,,S,ВЕТЕР,S m inan nom sg,Р
10765,,",",",",PUNCT,,,,,,,,,,PUNCT,,,
10766,,конечно,КОНЕЧНО,ADV -,,,"потом ветер , _конечно_ , уже был",о,н,ч,е,н,о,ADV,КОНЕЧНО,ADV -,О
10767,,",",",",PUNCT,,,,,,,,,,PUNCT,,,
10768,,уже,УЖЕ,ADV -,,,", конечно , _уже_ был не такой",е,ж,у,,,,ADV,УЖЕ,ADV -,Е
10769,,был,БЫТЬ,V ipf praet sg indic m -,,,"конечно , уже _был_ не такой сильный",л,ы,б,,,,V,БЫТЬ,V ipf praet sg indic m -,Ь
10770,,не,НЕ,PART,,,", уже был _не_ такой сильный ,",е,н,,,,,PART,НЕ,PART,Е
10771,,такой,ТАКОЙ,APRO - nom sg plen m -,,,"уже был не _такой_ сильный , деревья",й,о,к,а,т,,APRO,ТАКОЙ,A - nom sg plen m -,Й
10772,,сильный,СИЛЬНЫЙ,A - nom sg plen m -,,,"был не такой _сильный_ , деревья уже",й,ы,н,ь,л,и,A,СИЛЬНЫЙ,A - nom sg plen m -,Й
10773,,",",",",PUNCT,,,,,,,,,,PUNCT,,,
10774,,деревья,ДЕРЕВО,S n inan nom pl,,,"такой сильный , _деревья_ уже все попадали",я,ь,в,е,р,е,S,ДЕРЕВО,S n inan nom pl,О
10775,,уже,УЖЕ,ADV -,,,"сильный , деревья _уже_ все попадали ,",е,ж,у,,,,ADV,УЖЕ,ADV -,Е
10776,,все,ВСЕ,S - - nom pl,,,", деревья уже _все_ попадали , какие",е,с,в,,,,S,ВСЕ,S - - nom pl,Е
10777,,попадали,ПОПАДАТЬ,V ipf praet pl indic - -,,,"деревья уже все _попадали_ , какие могли",и,л,а,д,а,п,V,ПОПАДАТЬ,V ipf praet pl indic - -,Ь
10778,,",",",",PUNCT,,,,,,,,,,PUNCT,,,
10779,,какие,КАКОЙ,APRO - nom pl plen - -,,,"все попадали , _какие_ могли , а",е,и,к,а,к,,APRO,КАКОЙ,A - nom pl plen - -,Й
10780,,могли,МОЧЬ,V ipf praet pl indic - -,,,"попадали , какие _могли_ , а дождь",и,л,г,о,м,,V,МОЧЬ,V ipf praet pl indic - -,Ь
10781,,",",",",PUNCT,,,,,,,,,,PUNCT,,,
10782,,а,А,CONJ,,,"какие могли , _а_ дождь лил еще",а,,,,,,CONJ,А,CONJ,А
10783,,дождь,ДОЖДЬ,S m inan nom sg,,,"могли , а _дождь_ лил еще долго",ь,д,ж,о,д,,S,ДОЖДЬ,S m inan nom sg,Ь
10784,,лил,ЛИТЬ,V ipf praet sg indic m -,,,", а дождь _лил_ еще долго ,",л,и,л,,,,V,ЛИТЬ,V ipf praet sg indic m -,Ь
10785,,еще,ЕЩЕ,ADV -,,,"а дождь лил _еще_ долго , и",е,щ,е,,,,ADV,ЕЩЕ,ADV -,Е
10786,,долго,ДОЛГО,ADV -,,,"дождь лил еще _долго_ , и потом",о,г,л,о,д,,ADV,ДОЛГО,ADV -,О
10787,,",",",",PUNCT,,,,,,,,,,PUNCT,,,
10788,,и,И,CONJ,,,"еще долго , _и_ потом / потом",и,,,,,,CONJ,И,CONJ,И
10789,,потом,ПОТОМ,ADV -,,,"долго , и _потом_ / потом уже",м,о,т,о,п,,ADV,ПОТОМ,ADV -,М
10790,,/,/,PUNCT,,,,,,,,,,PUNCT,,,
10791,,потом,ПОТОМ,ADV -,,,"и потом / _потом_ уже , ну",м,о,т,о,п,,ADV,ПОТОМ,ADV -,М
10792,,уже,УЖЕ,ADV -,,,"потом / потом _уже_ , ну ,",е,ж,у,,,,ADV,УЖЕ,ADV -,Е
10793,,",",",",PUNCT,,,,,,,,,,PUNCT,,,
10794,,ну,НУ,PART,,,"потом уже , _ну_ , вернее ,",у,н,,,,,PART,НУ,PART,У
10795,,",",",",PUNCT,,,,,,,,,,PUNCT,,,
10796,,вернее,ВЕРНЕЕ,PARENTH,,,", ну , _вернее_ , включили радио",е,е,н,р,е,в,ADV,ВЕРНЕЕ,ADV -,Е
10797,,",",",",PUNCT,,,,,,,,,,PUNCT,,,
10798,,включили,ВКЛЮЧИТЬ,V pf praet pl indic - -,,,", вернее , _включили_ радио , когда",и,л,и,ч,ю,л,V,ВКЛЮЧИТЬ,V pf praet pl indic - -,Ь
10799,,радио,РАДИО,S n inan acc sg,,,"вернее , включили _радио_ , когда там",о,и,д,а,р,,S,РАДИО,S n inan nonflex -,О
10800,,",",",",PUNCT,,,,,,,,,,PUNCT,,,
10801,,когда,КОГДА,CONJ,,,"включили радио , _когда_ там поймали чего-то",а,д,г,о,к,,CONJ,КОГДА,CONJ,А
10802,,там,ТАМ,ADV -,,,"радио , когда _там_ поймали чего-то ,",м,а,т,,,,ADV,ТАМ,ADV -,М
10803,,поймали,ПОЙМАТЬ,V pf praet pl indic - -,,,", когда там _поймали_ чего-то , там",и,л,а,м,й,о,V,ПОЙМАТЬ,V pf praet pl indic - -,Ь
10804,,чего-то,ЧТО-ТО,SPRO n inan gen sg,,,"когда там поймали _чего-то_ , там не",о,т,-,о,г,е,SPRO,ЧТО-ТО,S n - gen sg,О
10805,,",",",",PUNCT,,,,,,,,,,PUNCT,,,
10806,,там,ТАМ,ADV -,,,"поймали чего-то , _там_ не очень -",м,а,т,,,,ADV,ТАМ,ADV -,М
10807,,не,НЕ,PART,,,"чего-то , там _не_ очень - то",е,н,,,,,PART,НЕ,PART,Е
10808,,очень,ОЧЕНЬ,ADV -,,,", там не _очень_ - то связь",ь,н,е,ч,о,,ADV,ОЧЕНЬ,ADV -,Ь
10809,,-,-,PUNCT,,,,,,,,,,PUNCT,,,
10810,,то,ТО,CONJ,,,не очень - _то_ связь была тогда,о,т,,,,,CONJ,ТО,CONJ,О
10811,,связь,СВЯЗЬ,S f inan nom sg,,,"очень - то _связь_ была тогда ,",ь,з,я,в,с,,S,СВЯЗЬ,S f inan nom sg,Ь
10812,,была,БЫТЬ,V ipf praet sg indic f -,,,"- то связь _была_ тогда , в",а,л,ы,б,,,V,БЫТЬ,V ipf praet sg indic f -,Ь
10813,,тогда,ТОГДА,ADV -,,,"то связь была _тогда_ , в глухомани",а,д,г,о,т,,ADV,ТОГДА,ADV -,А
10814,,",",",",PUNCT,,,,,,,,,,PUNCT,,,
10815,,в,В,PR,,,"была тогда , _в_ глухомани - то",в,,,,,,PR,В,PR,В
10816,,глухомани,ГЛУХОМАНЬ,S f inan loc sg,,,"тогда , в _глухомани_ - то ,",и,н,а,м,о,х,S,ГЛУХОМАНЬ,S f inan loc sg,Ь
10817,,-,-,PUNCT,,,,,,,,,,PUNCT,,,
10818,,то,ТО,CONJ,,,"в глухомани - _то_ , вот ,",о,т,,,,,CONJ,ТО,CONJ,О
10819,,",",",",PUNCT,,,,,,,,,,PUNCT,,,
10820,,вот,ВОТ,PART,,,"- то , _вот_ , поймали ,",т,о,в,,,,PART,ВОТ,PART,Т
10821,,",",",",PUNCT,,,,,,,,,,PUNCT,,,
10822,,поймали,ПОЙМАТЬ,V pf praet pl indic - -,,,", вот , _поймали_ , оказалось ,",и,л,а,м,й,о,V,ПОЙМАТЬ,V pf praet pl indic - -,Ь
10823,,",",",",PUNCT,,,,,,,,,,PUNCT,,,
10824,,оказалось,ОКАЗАТЬСЯ,V pf praet sg indic n -,,,", поймали , _оказалось_ , что прошел",ь,с,о,л,а,з,V,ОКАЗАТЬСЯ,V pf praet sg indic n -,Я
10825,,",",",",PUNCT,,,,,,,,,,PUNCT,,,
10826,,что,ЧТО,CONJ,,,", оказалось , _что_ прошел ураган над",о,т,ч,,,,CONJ,ЧТО,CONJ,О
10827,,прошел,ПРОЙТИ,V pf praet sg indic m -,,,"оказалось , что _прошел_ ураган над всей",л,е,ш,о,р,п,V,ПРОЙТИ,V pf praet sg indic m -,И
10828,,ураган,УРАГАН,S m inan nom sg,,,", что прошел _ураган_ над всей Псковской",н,а,г,а,р,у,S,УРАГАН,S m inan nom sg,Н
10829,,над,НАД,PR,,,что прошел ураган _над_ всей Псковской областью,д,а,н,,,,PR,НАД,PR,Д
10830,,всей,ВЕСЬ,APRO - loc sg plen f -,,,"прошел ураган над _всей_ Псковской областью ,",й,е,с,в,,,APRO,ВЕСЬ,A - loc sg plen f -,Ь
10831,,Псковской,ПСКОВСКИЙ,A - loc sg plen f -,,,"ураган над всей _Псковской_ областью , это",й,о,к,с,в,о,A,ПСКОВСКИЙ,A - loc sg plen f -,Й
10832,,областью,ОБЛАСТЬ,S f inan ins sg,,,"над всей Псковской _областью_ , это все",ю,ь,т,с,а,л,S,ОБЛАСТЬ,S f inan ins sg,Ь
10833,,",",",",PUNCT,,,,,,,,,,PUNCT,,,
10834,,это,ЭТО,SPRO n - nom sg,,,"Псковской областью , _это_ все было под",о,т,э,,,,SPRO,ЭТО,S n - nom sg,О
10835,,все,ВСЕ,S n - nom sg,,,"областью , это _все_ было под Великими",е,с,в,,,,S,ВСЕ,S n - nom sg,Е
10836,,было,БЫТЬ,V ipf praet sg indic n -,,,", это все _было_ под Великими Луками",о,л,ы,б,,,V,БЫТЬ,V ipf praet sg indic n -,Ь
10837,,под,ПОД,PR,,,"это все было _под_ Великими Луками ,",д,о,п,,,,PR,ПОД,PR,Д
10838,,Великими,ВЕЛИКИЙ,A - ins pl plen - -,,,"все было под _Великими_ Луками , над",и,м,и,к,и,л,A,ВЕЛИКИЙ,A - ins pl plen - -,Й
10839,,Луками,ЛУКИ,S m inan ins -,,,"было под Великими _Луками_ , над всей",и,м,а,к,у,л,S,ЛУК,S m inan ins pl,К
10840,,",",",",PUNCT,,,,,,,,,,PUNCT,,,
10841,,над,НАД,PR,,,"Великими Луками , _над_ всей Псковской областью",д,а,н,,,,PR,НАД,PR,Д
10842,,всей,ВЕСЬ,APRO - ins sg plen f -,,,"Луками , над _всей_ Псковской областью прошел",й,е,с,в,,,APRO,ВЕСЬ,A - loc sg plen f -,Ь
10843,,Псковской,ПСКОВСКИЙ,A - ins sg plen f -,,,", над всей _Псковской_ областью прошел ураган",й,о,к,с,в,о,A,ПСКОВСКИЙ,A - loc sg plen f -,Й
10844,,областью,ОБЛАСТЬ,S f inan ins sg,,,"над всей Псковской _областью_ прошел ураган ,",ю,ь,т,с,а,л,S,ОБЛАСТЬ,S f inan ins sg,Ь
10845,,прошел,ПРОЙТИ,V pf praet sg indic m -,,,"всей Псковской областью _прошел_ ураган , и",л,е,ш,о,р,п,V,ПРОЙТИ,V pf praet sg indic m -,И
10846,,ураган,УРАГАН,S m inan nom sg,,,"Псковской областью прошел _ураган_ , и разрушения",н,а,г,а,р,у,S,УРАГАН,S m inan nom sg,Н
10847,,",",",",PUNCT,,,,,,,,,,PUNCT,,,
10848,,и,И,CONJ,,,"прошел ураган , _и_ разрушения , и",и,,,,,,CONJ,И,CONJ,И
10849,,разрушения,РАЗРУШЕНИЕ,S n inan nom pl,,,"ураган , и _разрушения_ , и деревья",я,и,н,е,ш,у,S,РАЗРУШЕНИЕ,S n inan gen sg,Е
10850,,",",",",PUNCT,,,,,,,,,,PUNCT,,,
10851,,и,И,CONJ,,,"и разрушения , _и_ деревья попадали ,",и,,,,,,CONJ,И,CONJ,И
10852,,деревья,ДЕРЕВО,S n inan nom pl,,,"разрушения , и _деревья_ попадали , ну",я,ь,в,е,р,е,S,ДЕРЕВО,S n inan nom pl,О
10853,,попадали,ПОПАДАТЬ,V ipf praet pl indic - -,,,", и деревья _попадали_ , ну мы",и,л,а,д,а,п,V,ПОПАДАТЬ,V ipf praet pl indic - -,Ь
10854,,",",",",PUNCT,,,,,,,,,,PUNCT,,,
10855,,ну,НУ,PART,,,"деревья попадали , _ну_ мы это хорошо",у,н,,,,,PART,НУ,PART,У
10856,,мы,МЫ,SPRO pl 1p - nom,,,"попадали , ну _мы_ это хорошо ощутили",ы,м,,,,,SPRO,МЫ,SPRO pl 1p - nom,Ы
10857,,это,ЭТО,SPRO n - nom sg,,,", ну мы _это_ хорошо ощутили ,",о,т,э,,,,SPRO,ЭТО,S n - nom sg,О
10858,,хорошо,ХОРОШО,ADV -,,,"ну мы это _хорошо_ ощутили , поскольку",о,ш,о,р,о,х,ADV,ХОРОШО,ADV -,О
10859,,ощутили,ОЩУТИТЬ,V pf praet pl indic - -,,,"мы это хорошо _ощутили_ , поскольку ,",и,л,и,т,у,щ,V,ОЩУТИТЬ,V pf praet pl indic - -,Ь
10860,,",",",",PUNCT,,,,,,,,,,PUNCT,,,
10861,,поскольку,ПОСКОЛЬКУ,CONJ,,,"хорошо ощутили , _поскольку_ , когда мы",у,к,ь,л,о,к,CONJ,ПОСКОЛЬКУ,CONJ,У
10862,,",",",",PUNCT,,,,,,,,,,PUNCT,,,
10863,,когда,КОГДА,CONJ,,,", поскольку , _когда_ мы , ну",а,д,г,о,к,,CONJ,КОГДА,CONJ,А
10864,,мы,МЫ,SPRO pl 1p - nom,,,"поскольку , когда _мы_ , ну ,",ы,м,,,,,SPRO,МЫ,SPRO pl 1p - nom,Ы
10865,,",",",",PUNCT,,,,,,,,,,PUNCT,,,
10866,,ну,НУ,PART,,,"когда мы , _ну_ , через некоторое",у,н,,,,,PART,НУ,PART,У
10867,,",",",",PUNCT,,,,,,,,,,PUNCT,,,
10868,,через,ЧЕРЕЗ,PR,,,", ну , _через_ некоторое время нам",з,е,р,е,ч,,PR,ЧЕРЕЗ,PR,З
10869,,некоторое,НЕКОТОРЫЙ,APRO - acc sg plen n inan,,,"ну , через _некоторое_ время нам надо",е,о,р,о,т,о,APRO,НЕКОТОРЫЙ,A - acc sg plen n inan,Й
10870,,время,ВРЕМЯ,S n inan acc sg,,,", через некоторое _время_ нам надо было",я,м,е,р,в,,S,ВРЕМЯ,S n inan acc sg,Я
10871,,нам,МЫ,SPRO pl 1p - dat,,,через некоторое время _нам_ надо было уже,м,а,н,,,,SPRO,МЫ,SPRO pl 1p - dat,Ы
10872,,надо,НАДО,PRAEDIC,,,некоторое время нам _надо_ было уже уезжать,о,д,а,н,,,PRAEDIC,НАДО,ADV -,О
10873,,было,БЫТЬ,V ipf praet sg indic n -,,,"время нам надо _было_ уже уезжать ,",о,л,ы,б,,,V,БЫТЬ,V ipf praet sg indic n -,Ь
10874,,уже,УЖЕ,ADV -,,,"нам надо было _уже_ уезжать , когда",е,ж,у,,,,ADV,УЖЕ,ADV -,Е
10875,,уезжать,УЕЗЖАТЬ,V ipf - - inf - -,,,"надо было уже _уезжать_ , когда родители",ь,т,а,ж,з,е,V,УЕЗЖАТЬ,V ipf - - inf - -,Ь
10876,,",",",",PUNCT,,,,,,,,,,PUNCT,,,
10877,,когда,КОГДА,CONJ,,,"уже уезжать , _когда_ родители пошли смотреть",а,д,г,о,к,,CONJ,КОГДА,CONJ,А
10878,,родители,РОДИТЕЛЬ,S m anim nom pl,,,"уезжать , когда _родители_ пошли смотреть дорогу",и,л,е,т,и,д,S,РОДИТЕЛЬ,S m anim nom pl,Ь
10879,,пошли,ПОЙТИ,V pf praet pl indic - -,,,", когда родители _пошли_ смотреть дорогу после",и,л,ш,о,п,,V,ПОЙТИ,V pf praet pl indic - -,И
10880,,смотреть,СМОТРЕТЬ,V ipf - - inf - -,,,когда родители пошли _смотреть_ дорогу после этого,ь,т,е,р,т,о,V,СМОТРЕТЬ,V ipf - - inf - -,Ь
10881,,дорогу,ДОРОГА,S f inan acc sg,,,родители пошли смотреть _дорогу_ после этого урагана,у,г,о,р,о,д,S,ДОРОГА,S f inan acc sg,А
10882,,после,ПОСЛЕ,PR,,,"пошли смотреть дорогу _после_ этого урагана ,",е,л,с,о,п,,PR,ПОСЛЕ,PR,Е
10883,,этого,ЭТОТ,APRO - gen sg plen m anim,,,"смотреть дорогу после _этого_ урагана , выяснилось",о,г,о,т,э,,APRO,ЭТО,S n - gen sg,Т
10884,,урагана,УРАГАН,S m inan gen sg,,,"дорогу после этого _урагана_ , выяснилось ,",а,н,а,г,а,р,S,УРАГАН,S m inan gen sg,Н
10885,,",",",",PUNCT,,,,,,,,,,PUNCT,,,
10886,,выяснилось,ВЫЯСНИТЬСЯ,V pf praet sg indic n -,,,"этого урагана , _выяснилось_ , что нам",ь,с,о,л,и,н,V,ВЫЯСНИТЬСЯ,V pf praet sg indic n -,Я
10887,,",",",",PUNCT,,,,,,,,,,PUNCT,,,
10888,,что,ЧТО,CONJ,,,", выяснилось , _что_ нам выезд надо",о,т,ч,,,,CONJ,ЧТО,CONJ,О
10889,,нам,МЫ,SPRO pl 1p - dat,,,"выяснилось , что _нам_ выезд надо пропиливать",м,а,н,,,,SPRO,МЫ,SPRO pl 1p - dat,Ы
10890,,выезд,ВЫЕЗД,S m inan acc sg,,,", что нам _выезд_ надо пропиливать себе",д,з,е,ы,в,,S,ВЫЕЗД,S m inan acc sg,Д
10891,,надо,НАДО,PRAEDIC,,,"что нам выезд _надо_ пропиливать себе ,",о,д,а,н,,,PRAEDIC,НАДО,ADV -,О
10892,,пропиливать,ПРОПИЛИВАТЬ,V ipf - - inf - -,,,"нам выезд надо _пропиливать_ себе , потому что",ь,т,а,в,и,л,V,ПРОПИЛИВАТЬ,V ipf - - inf - -,Ь
10893,,себе,СЕБЯ,SPRO - - - dat,,,"выезд надо пропиливать _себе_ , потому что поперек",е,б,е,с,,,SPRO,СЕБЯ,SPRO - - - dat,Я
10894,,",",",",PUNCT,,,,,,,,,,PUNCT,,,
10895,,потому что,потому что,CONJ,,,"пропиливать себе , _потому что_ поперек дороги лежало",о,т,ч,,у,м,CONJ,потому что,CONJ,о
10896,,поперек,ПОПЕРЕК,PR,,,"себе , потому что _поперек_ дороги лежало",к,е,р,е,п,о,PR,ПОПЕРЕК,PR,К
10897,,дороги,ДОРОГА,S f inan gen sg,,,", потому что поперек _дороги_ лежало  нек",и,г,о,р,о,д,S,ДОРОГА,S f inan gen sg,А
10898,,лежало,ЛЕЖАТЬ,V ipf praet sg indic n -,,,потому что поперек дороги _лежало_  нек,о,л,а,ж,е,л,V,ЛЕЖАТЬ,V ipf praet sg indic n -,Ь
10899,"<distinct form=""",,,,,,,,,,,,,,,,
10900,<dist>,нек,,,,,,,,,,,,,,,
10901,""">",,,,,,,,,,,,,,,,
10902,,несколько,НЕСКОЛЬКО,ADV -,,,нек  _несколько_  ... несколько,о,к,ь,л,о,к,ADV,НЕСКОЛЬКО,ADV -,О
10903,</distinct>,,,,,,,,,,,,,,,,
10904,,...,...,PUNCT,,,,,,,,,,PUNCT,,,
10905,,несколько,НЕСКОЛЬКО,ADV -,,,несколько  ... _несколько_ / ээ /,о,к,ь,л,о,к,ADV,НЕСКОЛЬКО,ADV -,О
10906,,/,/,PUNCT,,,,,,,,,,PUNCT,,,
10907,,ээ,ЭЭ,NONLEX,,,... несколько / _ээ_ / это выезд,э,э,,,,,NONLEX,ЭЭ,NONLEX,Э
10908,,/,/,PUNCT,,,,,,,,,,PUNCT,,,
10909,,это,ЭТО,SPRO n - nom sg,,,/ ээ / _это_ выезд на большую,о,т,э,,,,SPRO,ЭТО,S n - nom sg,О
10910,,выезд,ВЫЕЗД,S m inan nom sg,,,ээ / это _выезд_ на большую дорогу,д,з,е,ы,в,,S,ВЫЕЗД,S m inan nom sg,Д
10911,,на,НА,PR,,,/ это выезд _на_ большую дорогу .,а,н,,,,,PR,НА,PR,А
10912,,большую,БОЛЬШОЙ,A - acc sg plen f -,,,это выезд на _большую_ дорогу .,ю,у,ш,ь,л,о,A,БОЛЬШОЙ,A - acc sg plen f -,Й
10913,,дорогу,ДОРОГА,S f inan acc sg,,,выезд на большую _дорогу_ .,у,г,о,р,о,д,S,ДОРОГА,S f inan acc sg,А
10914,,.,.,PUNCT,,,,,,,,,,PUNCT,,,
10915,,,,,,,,,,,,,,,,,
10916,# sent = 835,,,,,,,,,,,,,,,,
10917,# speaker = Т,,,,,,,,,,,,,,,,
10918,# sent = 836,,,,,,,,,,,,,,,,
10919,,Большая,БОЛЬШОЙ,A - nom sg plen f -,,,_Большая_ дорога тоже была,я,а,ш,ь,л,о,A,БОЛЬШОЙ,A - nom sg plen f -,Й
10920,,дорога,ДОРОГА,S f inan nom sg,,,Большая _дорога_ тоже была завалена,а,г,о,р,о,д,S,ДОРОГА,S f inan nom sg,А
10921,,тоже,ТОЖЕ,PART,,,"Большая дорога _тоже_ была завалена ,",е,ж,о,т,,,PART,ТОЖЕ,PART,Е
10922,,была,БЫТЬ,V ipf praet sg indic f -,,,"Большая дорога тоже _была_ завалена , но",а,л,ы,б,,,V,БЫТЬ,V ipf praet sg indic f -,Ь
10923,,завалена,ЗАВАЛИТЬ,PARTCP pf praet - sg brev f pass -,,,"дорога тоже была _завалена_ , но там",а,н,е,л,а,в,PARTCP,ЗАВАЛИТЬ,PARTCP pf praet - sg brev f pass -,Ь
10924,,",",",",PUNCT,,,,,,,,,,PUNCT,,,
10925,,но,НО,CONJ,,,"была завалена , _но_ там работали уже",о,н,,,,,CONJ,НО,CONJ,О
10926,,там,ТАМ,ADV -,,,"завалена , но _там_ работали уже специалисты",м,а,т,,,,ADV,ТАМ,ADV -,М
10927,,работали,РАБОТАТЬ,V ipf praet pl indic - -,,,", но там _работали_ уже специалисты по",и,л,а,т,о,б,V,РАБОТАТЬ,V ipf praet pl indic - -,Ь
10928,,уже,УЖЕ,ADV -,,,но там работали _уже_ специалисты по пропиливанию,е,ж,у,,,,ADV,УЖЕ,ADV -,Е
10929,,специалисты,СПЕЦИАЛИСТ,S m anim nom pl,,,там работали уже _специалисты_ по пропиливанию дороги,ы,т,с,и,л,а,S,СПЕЦИАЛИСТ,S m anim nom pl,Т
10930,,по,ПО,PR,,,"работали уже специалисты _по_ пропиливанию дороги ,",о,п,,,,,PR,ПО,PR,О
10931,,пропиливанию,ПРОПИЛИВАНИЕ,S n inan dat sg,,,"уже специалисты по _пропиливанию_ дороги , а",ю,и,н,а,в,и,S,ПРОПИЛИВАНИЕ,S n inan dat sg,Е
10932,,дороги,ДОРОГА,S f inan gen sg,,,"специалисты по пропиливанию _дороги_ , а эту",и,г,о,р,о,д,S,ДОРОГА,S f inan gen sg,А
10933,,",",",",PUNCT,,,,,,,,,,PUNCT,,,
10934,,а,А,CONJ,,,"пропиливанию дороги , _а_ эту дорогу пришлось",а,,,,,,CONJ,А,CONJ,А
10935,,эту,ЭТОТ,APRO - acc sg plen f -,,,"дороги , а _эту_ дорогу пришлось пропиливать",у,т,э,,,,APRO,ЭТОТ,A - acc sg plen f -,Т
10936,,дорогу,ДОРОГА,S f inan acc sg,,,", а эту _дорогу_ пришлось пропиливать нам",у,г,о,р,о,д,S,ДОРОГА,S f inan acc sg,А
10937,,пришлось,ПРИЙТИСЬ,V pf praet sg indic n -,,,а эту дорогу _пришлось_ пропиливать нам самим,ь,с,о,л,ш,и,V,ПРИЙТИСЬ,V pf praet sg indic n -,Ь
10938,,пропиливать,ПРОПИЛИВАТЬ,V ipf - - inf - -,,,"эту дорогу пришлось _пропиливать_ нам самим ,",ь,т,а,в,и,л,V,ПРОПИЛИВАТЬ,V ipf - - inf - -,Ь
10939,,нам,МЫ,SPRO pl 1p - dat,,,"дорогу пришлось пропиливать _нам_ самим , и",м,а,н,,,,SPRO,МЫ,SPRO pl 1p - dat,Ы
10940,,самим,САМ,A - dat pl plen m -,,,"пришлось пропиливать нам _самим_ , и уже",м,и,м,а,с,,A,САМ,A - ins sg plen m -,М
10941,,",",",",PUNCT,,,,,,,,,,PUNCT,,,
10942,,и,И,CONJ,,,"нам самим , _и_ уже было ни",и,,,,,,CONJ,И,CONJ,И
10943,,уже,УЖЕ,ADV -,,,"самим , и _уже_ было ни до",е,ж,у,,,,ADV,УЖЕ,ADV -,Е
10944,,было,БЫТЬ,V ipf praet sg indic n -,,,", и уже _было_ ни до грибов",о,л,ы,б,,,V,БЫТЬ,V ipf praet sg indic n -,Ь
10945,,ни,НИ,PART,,,"и уже было _ни_ до грибов ,",и,н,,,,,PART,НИ,PART,И
10946,,до,ДО,PR,,,"уже было ни _до_ грибов , ни",о,д,,,,,PR,ДО,PR,О
10947,,грибов,ГРИБ,S m inan gen pl,,,"было ни до _грибов_ , ни до",в,о,б,и,р,г,S,ГРИБ,S m inan gen pl,Б
10948,,",",",",PUNCT,,,,,,,,,,PUNCT,,,
10949,,ни,НИ,CONJ,,,"до грибов , _ни_ до ягод ,",и,н,,,,,CONJ,НИ,CONJ,И
10950,,до,ДО,PR,,,"грибов , ни _до_ ягод , ни",о,д,,,,,PR,ДО,PR,О
10951,,ягод,ЯГОДА,S f inan gen pl,,,", ни до _ягод_ , ни до",д,о,г,я,,,S,ЯГОДА,S f inan gen pl,А
10952,,",",",",PUNCT,,,,,,,,,,PUNCT,,,
10953,,ни,НИ,CONJ,,,"до ягод , _ни_ до рыбалки особенно",и,н,,,,,CONJ,НИ,CONJ,И
10954,,до,ДО,PR,,,"ягод , ни _до_ рыбалки особенно ,",о,д,,,,,PR,ДО,PR,О
10955,,рыбалки,РЫБАЛКА,S f inan gen sg,,,", ни до _рыбалки_ особенно , ну",и,к,л,а,б,ы,S,РЫБАЛКА,S f inan gen sg,А
10956,,особенно,ОСОБЕННО,ADV -,,,"ни до рыбалки _особенно_ , ну ,",о,н,н,е,б,о,ADV,ОСОБЕННО,ADV -,О
10957,,",",",",PUNCT,,,,,,,,,,PUNCT,,,
10958,,ну,НУ,PART,,,"рыбалки особенно , _ну_ , рыбалка ,",у,н,,,,,PART,НУ,PART,У
10959,,",",",",PUNCT,,,,,,,,,,PUNCT,,,
10960,,рыбалка,РЫБАЛКА,S f inan nom sg,,,", ну , _рыбалка_ , правда ,",а,к,л,а,б,ы,S,РЫБАЛКА,S f inan nom sg,А
10961,,",",",",PUNCT,,,,,,,,,,PUNCT,,,
10962,,правда,ПРАВДА,ADV -,,,", рыбалка , _правда_ , она обычно",а,д,в,а,р,п,ADV,ПРАВДА,ADV -,А
10963,,",",",",PUNCT,,,,,,,,,,PUNCT,,,
10964,,она,ОНА,SPRO sg 3p f nom,,,", правда , _она_ обычно  перьвее",а,н,о,,,,SPRO,ОНА,SPRO sg 3p f nom,А
10965,,обычно,ОБЫЧНО,ADV -,,,"правда , она _обычно_  перьвее",о,н,ч,ы,б,о,ADV,ОБЫЧНО,ADV -,О
10966,"<distinct form=""",,,,,,,,,,,,,,,,
10967,<dist>,перьвее,,,,,,,,,,,,,,,
10968,""">",,,,,,,,,,,,,,,,
10969,,первее,ПЕРВЫЙ,A comp - - plen - -,,,"перьвее  _первее_  , чем",е,е,в,р,е,п,A,ПЕРВЕЙ,S m anim loc sg,Й
10970,</distinct>,,,,,,,,,,,,,,,,
10971,,",",",",PUNCT,,,,,,,,,,PUNCT,,,
10972,,чем,ЧЕМ,CONJ,,,"первее  , _чем_ все остальное ,",м,е,ч,,,,CONJ,ЧЕМ,CONJ,М
10973,,все,ВЕСЬ,APRO - acc pl plen - inan,,,", чем _все_ остальное , у",е,с,в,,,,APRO,ВЕСЬ,A - acc pl plen - inan,Ь
10974,,остальное,ОСТАЛЬНОЕ,S n inan nom sg,,,", чем все _остальное_ , у мужчин",е,о,н,ь,л,а,S,ОСТАЛЬНОЕ,S n inan nom sg,Е
10975,,",",",",PUNCT,,,,,,,,,,PUNCT,,,
10976,,у,У,PR,,,"все остальное , _у_ мужчин , вот",у,,,,,,PR,У,PR,У
10977,,мужчин,МУЖЧИНА,S m anim gen pl,,,"остальное , у _мужчин_ , вот .",н,и,ч,ж,у,м,S,МУЖЧИНА,S m anim gen pl,А
10978,,",",",",PUNCT,,,,,,,,,,PUNCT,,,
10979,,вот,ВОТ,PART,,,"у мужчин , _вот_ .",т,о,в,,,,PART,ВОТ,PART,Т
10980,,.,.,PUNCT,,,,,,,,,,PUNCT,,,
10981,,,,,,,,,,,,,,,,,
10982,# sent = 837,,,,,,,,,,,,,,,,
10983,,И,И,CONJ,,,.   _И_ они пропиливали дорогу,и,,,,,,CONJ,И,CONJ,И
10984,,они,ОНИ,SPRO pl - - nom,,,"И _они_ пропиливали дорогу ,",и,н,о,,,,SPRO,ОНИ,SPRO pl - - nom,И
10985,,пропиливали,ПРОПИЛИВАТЬ,V ipf praet pl indic - -,,,"И они _пропиливали_ дорогу , спускали",и,л,а,в,и,л,V,ПРОПИЛИВАТЬ,V ipf praet pl indic - -,Ь
10986,,дорогу,ДОРОГА,S f inan acc sg,,,"И они пропиливали _дорогу_ , спускали лужи",у,г,о,р,о,д,S,ДОРОГА,S f inan acc sg,А
10987,,",",",",PUNCT,,,,,,,,,,PUNCT,,,
10988,,спускали,СПУСКАТЬ,V ipf praet pl indic - -,,,"пропиливали дорогу , _спускали_ лужи с дороги",и,л,а,к,с,у,V,СПУСКАТЬ,V ipf praet pl indic - -,Ь
10989,,лужи,ЛУЖА,S f inan nom pl,,,"дорогу , спускали _лужи_ с дороги ,",и,ж,у,л,,,S,ЛУЖА,S f inan nom pl,А
10990,,с,С,PR,,,", спускали лужи _с_ дороги , поскольку",с,,,,,,PR,С,PR,С
10991,,дороги,ДОРОГА,S f inan gen sg,,,"спускали лужи с _дороги_ , поскольку мы",и,г,о,р,о,д,S,ДОРОГА,S f inan gen sg,А
10992,,",",",",PUNCT,,,,,,,,,,PUNCT,,,
10993,,поскольку,ПОСКОЛЬКУ,CONJ,,,"с дороги , _поскольку_ мы не на",у,к,ь,л,о,к,CONJ,ПОСКОЛЬКУ,CONJ,У
10994,,мы,МЫ,SPRO pl 1p - nom,,,"дороги , поскольку _мы_ не на",ы,м,,,,,SPRO,МЫ,SPRO pl 1p - nom,Ы
10995,,не,НЕ,PART,,,", поскольку мы _не_ на  вс",е,н,,,,,PART,НЕ,PART,Е
10996,,на,НА,PR,,,поскольку мы не _на_  вс,а,н,,,,,PR,НА,PR,А
10997,"<distinct form=""",,,,,,,,,,,,,,,,
10998,<dist>,вс,,,,,,,,,,,,,,,
10999,""">",,,,,,,,,,,,,,,,
11000,,всякую,ВСЯКИЙ,A - acc sg plen f -,,,вс  _всякую_  .. не,ю,у,к,я,с,в,A,ВСЯКИЙ,A - acc sg plen f -,Й
11001,</distinct>,,,,,,,,,,,,,,,,
11002,,..,..,PUNCT,,,,,,,,,,PUNCT,,,
11003,,не,НЕ,PART,,,всякую  .. _не_ через всякую лужу,е,н,,,,,PART,НЕ,PART,Е
11004,,через,ЧЕРЕЗ,PR,,,.. не _через_ всякую лужу могли,з,е,р,е,ч,,PR,ЧЕРЕЗ,PR,З
11005,,всякую,ВСЯКИЙ,A - acc sg plen f -,,,.. не через _всякую_ лужу могли проехать,ю,у,к,я,с,в,A,ВСЯКИЙ,A - acc sg plen f -,Й
11006,,лужу,ЛУЖА,S f inan acc sg,,,"не через всякую _лужу_ могли проехать ,",у,ж,у,л,,,S,ЛУЖА,S f inan acc sg,А
11007,,могли,МОЧЬ,V ipf praet pl indic - -,,,"через всякую лужу _могли_ проехать , а",и,л,г,о,м,,V,МОЧЬ,V ipf praet pl indic - -,Ь
11008,,проехать,ПРОЕХАТЬ,V pf - - inf - -,,,"всякую лужу могли _проехать_ , а ,",ь,т,а,х,е,о,V,ПРОЕХАТЬ,V pf - - inf - -,Ь
11009,,",",",",PUNCT,,,,,,,,,,PUNCT,,,
11010,,а,А,CONJ,,,"могли проехать , _а_ , когда вода",а,,,,,,CONJ,А,CONJ,А
11011,,",",",",PUNCT,,,,,,,,,,PUNCT,,,
11012,,когда,КОГДА,CONJ,,,", а , _когда_ вода , там",а,д,г,о,к,,CONJ,КОГДА,CONJ,А
11013,,вода,ВОДА,S f inan nom sg,,,"а , когда _вода_ , там надо",а,д,о,в,,,S,ВОДА,S f inan nom sg,А
11014,,",",",",PUNCT,,,,,,,,,,PUNCT,,,
11015,,там,ТАМ,ADV -,,,"когда вода , _там_ надо было прорыть",м,а,т,,,,ADV,ТАМ,ADV -,М
11016,,надо,НАДО,PRAEDIC,,,"вода , там _надо_ было прорыть канавку",о,д,а,н,,,PRAEDIC,НАДО,ADV -,О
11017,,было,БЫТЬ,V ipf praet sg indic n -,,,", там надо _было_ прорыть канавку ,",о,л,ы,б,,,V,БЫТЬ,V ipf praet sg indic n -,Ь
11018,,прорыть,ПРОРЫТЬ,V pf - - inf - -,,,"там надо было _прорыть_ канавку , чтобы",ь,т,ы,р,о,р,V,ПРОРЫТЬ,V pf - - inf - -,Ь
11019,,канавку,КАНАВКА,S f inan acc sg,,,"надо было прорыть _канавку_ , чтобы вода",у,к,в,а,н,а,S,КАНАВКА,S f inan acc sg,А
11020,,",",",",PUNCT,,,,,,,,,,PUNCT,,,
11021,,чтобы,ЧТОБЫ,CONJ,,,"прорыть канавку , _чтобы_ вода стекла .",ы,б,о,т,ч,,CONJ,ЧТОБЫ,CONJ,Ы
11022,,вода,ВОДА,S f inan nom sg,,,"канавку , чтобы _вода_ стекла .",а,д,о,в,,,S,ВОДА,S f inan nom sg,А
11023,,стекла,СТЕЧЬ,V pf praet sg indic f -,,,", чтобы вода _стекла_ .",а,л,к,е,т,с,S,СТЕКЛО,S n inan gen sg,О
11024,,.,.,PUNCT,,,,,,,,,,PUNCT,,,
11025,,,,,,,,,,,,,,,,,
11026,# sent = 838,,,,,,,,,,,,,,,,
11027,# speaker = Т,,,,,,,,,,,,,,,,
11028,# sent = 839,,,,,,,,,,,,,,,,
11029,,Но,НО,CONJ,,,"_Но_ ураган , когда",о,н,,,,,CONJ,НО,CONJ,О
11030,,ураган,УРАГАН,S m inan nom sg,,,"Но _ураган_ , когда мы",н,а,г,а,р,у,S,УРАГАН,S m inan nom sg,Н
11031,,",",",",PUNCT,,,,,,,,,,PUNCT,,,
11032,,когда,КОГДА,CONJ,,,"Но ураган , _когда_ мы дальше",а,д,г,о,к,,CONJ,КОГДА,CONJ,А
11033,,мы,МЫ,SPRO pl 1p - nom,,,"ураган , когда _мы_ дальше  ех",ы,м,,,,,SPRO,МЫ,SPRO pl 1p - nom,Ы
11034,,дальше,ДАЛЕКО,ADV comp,,,", когда мы _дальше_  ех",е,ш,ь,л,а,д,ADV,ДАЛЕКО,ADV comp,О
11035,"<distinct form=""",,,,,,,,,,,,,,,,
11036,<dist>,ех,,,,,,,,,,,,,,,
11037,""">",,,,,,,,,,,,,,,,
11038,,ехали,ЕХАТЬ,V ipf praet pl indic - -,,,ех  _ехали_  .. потом,и,л,а,х,е,,V,ЕХАТЬ,V ipf praet pl indic - -,Ь
11039,</distinct>,,,,,,,,,,,,,,,,
11040,,..,..,PUNCT,,,,,,,,,,PUNCT,,,
11041,,потом,ПОТОМ,ADV -,,,"ехали  .. _потом_ ехали обратно ,",м,о,т,о,п,,ADV,ПОТОМ,ADV -,М
11042,,ехали,ЕХАТЬ,V ipf praet pl indic - -,,,".. потом _ехали_ обратно , мы",и,л,а,х,е,,V,ЕХАТЬ,V ipf praet pl indic - -,Ь
11043,,обратно,ОБРАТНО,ADV -,,,".. потом ехали _обратно_ , мы видели",о,н,т,а,р,б,ADV,ОБРАТНО,ADV -,О
11044,,",",",",PUNCT,,,,,,,,,,PUNCT,,,
11045,,мы,МЫ,SPRO pl 1p - nom,,,"ехали обратно , _мы_ видели , что",ы,м,,,,,SPRO,МЫ,SPRO pl 1p - nom,Ы
11046,,видели,ВИДЕТЬ,V ipf praet pl indic - -,,,"обратно , мы _видели_ , что там",и,л,е,д,и,в,V,ВИДЕТЬ,V ipf praet pl indic - -,Ь
11047,,",",",",PUNCT,,,,,,,,,,PUNCT,,,
11048,,что,ЧТО,CONJ,,,"мы видели , _что_ там нам еще",о,т,ч,,,,CONJ,ЧТО,CONJ,О
11049,,там,ТАМ,ADV -,,,"видели , что _там_ нам еще повезло",м,а,т,,,,ADV,ТАМ,ADV -,М
11050,,нам,МЫ,SPRO pl 1p - dat,,,", что там _нам_ еще повезло ,",м,а,н,,,,SPRO,МЫ,SPRO pl 1p - dat,Ы
11051,,еще,ЕЩЕ,ADV -,,,"что там нам _еще_ повезло , потому что",е,щ,е,,,,ADV,ЕЩЕ,ADV -,Е
11052,,повезло,ПОВЕЗТИ,V pf praet sg indic n -,,,"там нам еще _повезло_ , потому что в",о,л,з,е,в,о,V,ПОВЕЗТИ,V pf praet sg indic n -,И
11053,,",",",",PUNCT,,,,,,,,,,PUNCT,,,
11054,,потому что,потому что,CONJ,,,"еще повезло , _потому что_ в некоторых местах",о,т,ч,,у,м,CONJ,потому что,CONJ,о
11055,,в,В,PR,,,"повезло , потому что _в_ некоторых местах ураган",в,,,,,,PR,В,PR,В
11056,,некоторых,НЕКОТОРЫЙ,APRO - loc pl plen - -,,,", потому что в _некоторых_ местах ураган прошел",х,ы,р,о,т,о,APRO,НЕКОТОРЫЙ,A - loc pl plen - -,Й
11057,,местах,МЕСТО,S n inan loc pl,,,потому что в некоторых _местах_ ураган прошел с,х,а,т,с,е,м,S,МЕСТО,S n inan loc pl,О
11058,,ураган,УРАГАН,S m inan nom sg,,,в некоторых местах _ураган_ прошел с такой,н,а,г,а,р,у,S,УРАГАН,S m inan nom sg,Н
11059,,прошел,ПРОЙТИ,V pf praet sg indic m -,,,некоторых местах ураган _прошел_ с такой силой,л,е,ш,о,р,п,V,ПРОЙТИ,V pf praet sg indic m -,И
11060,,с,С,PR,,,"местах ураган прошел _с_ такой силой ,",с,,,,,,PR,С,PR,С
11061,,такой,ТАКОЙ,APRO - ins sg plen f -,,,"ураган прошел с _такой_ силой , что",й,о,к,а,т,,APRO,ТАКОЙ,A - ins sg plen f -,Й
11062,,силой,СИЛА,S f inan ins sg,,,"прошел с такой _силой_ , что получились",й,о,л,и,с,,S,СИЛА,S f inan ins sg,А
11063,,",",",",PUNCT,,,,,,,,,,PUNCT,,,
11064,,что,ЧТО,CONJ,,,"такой силой , _что_ получились практически просеки",о,т,ч,,,,CONJ,ЧТО,CONJ,О
11065,,получились,ПОЛУЧИТЬСЯ,V pf praet pl indic - -,,,"силой , что _получились_ практически просеки из",ь,с,и,л,и,ч,V,ПОЛУЧИТЬСЯ,V pf praet pl indic - -,Я
11066,,практически,ПРАКТИЧЕСКИ,ADV -,,,", что получились _практически_ просеки из поваленных",и,к,с,е,ч,и,ADV,ПРАКТИЧЕСКИ,ADV -,И
11067,,просеки,ПРОСЕКА,S f inan nom pl,,,что получились практически _просеки_ из поваленных деревьев,и,к,е,с,о,р,S,ПРОСЕКА,S f inan nom pl,А
11068,,из,ИЗ,PR,,,"получились практически просеки _из_ поваленных деревьев ,",з,и,,,,,PR,ИЗ,PR,З
11069,,поваленных,ПОВАЛИТЬ,PARTCP pf praet loc pl plen - pass -,,,"практически просеки из _поваленных_ деревьев , и",х,ы,н,н,е,л,PARTCP,ПОВАЛИТЬ,PARTCP pf praet loc pl plen - pass -,Ь
11070,,деревьев,ДЕРЕВО,S n inan gen pl,,,"просеки из поваленных _деревьев_ , и было",в,е,ь,в,е,р,S,ДЕРЕВО,S n inan gen pl,О
11071,,",",",",PUNCT,,,,,,,,,,PUNCT,,,
11072,,и,И,CONJ,,,"поваленных деревьев , _и_ было видно ,",и,,,,,,CONJ,И,CONJ,И
11073,,было,БЫТЬ,V ipf praet sg indic n -,,,"деревьев , и _было_ видно , как",о,л,ы,б,,,V,БЫТЬ,V ipf praet sg indic n -,Ь
11074,,видно,ВИДНО,ADV -,,,", и было _видно_ , как вот",о,н,д,и,в,,ADV,ВИДНО,ADV -,О
11075,,",",",",PUNCT,,,,,,,,,,PUNCT,,,
11076,,как,КАК,CONJ,,,"было видно , _как_ вот  прям",к,а,к,,,,CONJ,КАК,CONJ,К
11077,,вот,ВОТ,PART,,,"видно , как _вот_  прям",т,о,в,,,,PART,ВОТ,PART,Т
11078,"<distinct form=""",,,,,,,,,,,,,,,,
11079,<dist>,прям,,,,,,,,,,,,,,,
11080,""">",,,,,,,,,,,,,,,,
11081,,прямо,ПРЯМО,ADV -,,,прям  _прямо_  полосой шел,о,м,я,р,п,,ADV,ПРЯМО,ADV -,О
11082,</distinct>,,,,,,,,,,,,,,,,
11083,,полосой,ПОЛОСА,S f inan ins sg,,,прямо  _полосой_ шел ветер и,й,о,с,о,л,о,S,ПОЛОСА,S f inan ins sg,А
11084,,шел,ИДТИ,V ipf praet sg indic m -,,,прямо  полосой _шел_ ветер и все,л,е,ш,,,,V,ИДТИ,V ipf praet sg indic m -,И
11085,,ветер,ВЕТЕР,S m inan nom sg,,,полосой шел _ветер_ и все /,р,е,т,е,в,,S,ВЕТЕР,S m inan nom sg,Р
11086,,и,И,CONJ,,,полосой шел ветер _и_ все / все,и,,,,,,CONJ,И,CONJ,И
11087,,все,ВСЕ,S - - nom sg,,,шел ветер и _все_ / все /,е,с,в,,,,S,ВСЕ,S - - nom pl,Е
11088,,/,/,PUNCT,,,,,,,,,,PUNCT,,,
11089,,все,ВСЕ,S - - nom sg,,,и все / _все_ / все лежало,е,с,в,,,,S,ВСЕ,S - - acc pl,Е
11090,,/,/,PUNCT,,,,,,,,,,PUNCT,,,
11091,,все,ВСЕ,S - - nom sg,,,"/ все / _все_ лежало , и",е,с,в,,,,S,ВСЕ,S - - acc pl,Е
11092,,лежало,ЛЕЖАТЬ,V ipf praet sg indic n -,,,"все / все _лежало_ , и кругом",о,л,а,ж,е,л,V,ЛЕЖАТЬ,V ipf praet sg indic n -,Ь
11093,,",",",",PUNCT,,,,,,,,,,PUNCT,,,
11094,,и,И,CONJ,,,"все лежало , _и_ кругом работали рабочие",и,,,,,,CONJ,И,CONJ,И
11095,,кругом,КРУГОМ,ADV -,,,"лежало , и _кругом_ работали рабочие ,",м,о,г,у,р,к,ADV,КРУГОМ,ADV -,М
11096,,работали,РАБОТАТЬ,V ipf praet pl indic - -,,,", и кругом _работали_ рабочие , которые",и,л,а,т,о,б,V,РАБОТАТЬ,V ipf praet pl indic - -,Ь
11097,,рабочие,РАБОЧИЙ,S m anim nom pl,,,"и кругом работали _рабочие_ , которые освобождали",е,и,ч,о,б,а,S,РАБОЧИЙ,S m anim nom pl,Й
11098,,",",",",PUNCT,,,,,,,,,,PUNCT,,,
11099,,которые,КОТОРЫЙ,APRO - nom pl plen - -,,,"работали рабочие , _которые_ освобождали всякие ...",е,ы,р,о,т,о,APRO,КОТОРЫЙ,A - nom pl plen - -,Й
11100,,освобождали,ОСВОБОЖДАТЬ,V ipf praet pl indic - -,,,"рабочие , которые _освобождали_ всякие ... все",и,л,а,д,ж,о,V,ОСВОБОЖДАТЬ,V ipf praet pl indic - -,Ь
11101,,всякие,ВСЯКИЙ,A - acc pl plen - inan,,,", которые освобождали _всякие_ ... все проезжие",е,и,к,я,с,в,A,ВСЯКИЙ,A - acc pl plen - inan,Й
11102,,...,...,PUNCT,,,,,,,,,,PUNCT,,,
11103,,все,ВЕСЬ,APRO - nom pl plen - -,,,освобождали всякие ... _все_ проезжие дороги .,е,с,в,,,,APRO,ВЕСЬ,A - nom pl plen - -,Ь
11104,,проезжие,ПРОЕЗЖИЙ,A - nom pl plen - -,,,всякие ... все _проезжие_ дороги .,е,и,ж,з,е,о,A,ПРОЕЗЖИЙ,A - nom pl plen - -,Й
11105,,дороги,ДОРОГА,S f inan nom pl,,,... все проезжие _дороги_ .,и,г,о,р,о,д,S,ДОРОГА,S f inan nom pl,А
11106,,.,.,PUNCT,,,,,,,,,,PUNCT,,,
11107,,,,,,,,,,,,,,,,,
11108,# sent = 840,,,,,,,,,,,,,,,,
11109,# speaker = Т,,,,,,,,,,,,,,,,
11110,# sent = 841,,,,,,,,,,,,,,,,
11111,,Ну,НУ,PART,,,"_Ну_ ,  фактичес",у,н,,,,,PART,НУ,PART,У
11112,,",",",",PUNCT,,,,,,,,,,PUNCT,,,
11113,"<distinct form=""",,,,,,,,,,,,,,,,
11114,<dist>,фактичес,,,,,,,,,,,,,,,
11115,""">",,,,,,,,,,,,,,,,
11116,,фактически,ФАКТИЧЕСКИ,ADV -,,,фактичес  _фактически_  .. в,и,к,с,е,ч,и,ADV,ФАКТИЧЕСКИ,ADV -,И
11117,</distinct>,,,,,,,,,,,,,,,,
11118,,..,..,PUNCT,,,,,,,,,,PUNCT,,,
11119,,в,В,PR,,,фактически  .. _в_ общем - то,в,,,,,,PR,В,PR,В
11120,,общем,ОБЩИЙ,A - loc sg plen m -,,,.. в _общем_ - то вот,м,е,щ,б,о,,A,ОБЩИЙ,A - loc sg plen m -,Й
11121,,-,-,PUNCT,,,,,,,,,,PUNCT,,,
11122,,то,ТО,CONJ,,,в общем - _то_ вот и все,о,т,,,,,CONJ,ТО,CONJ,О
11123,,вот,ВОТ,PART,,,"общем - то _вот_ и все ,",т,о,в,,,,PART,ВОТ,PART,Т
11124,,и,И,CONJ,,,"- то вот _и_ все , больше",и,,,,,,CONJ,И,CONJ,И
11125,,всё,ВСЁ,S - - nom sg,,,"то вот и _все_ , больше я",е,с,в,,,,S,ВСЕ,S - - nom pl,Е
11126,,",",",",PUNCT,,,,,,,,,,PUNCT,,,
11127,,больше,БОЛЬШЕ,ADV -,,,"и все , _больше_ я даже не",е,ш,ь,л,о,б,ADV,БОЛЬШЕ,ADV -,Е
11128,,я,Я,SPRO sg 1p - nom,,,"все , больше _я_ даже не",я,,,,,,SPRO,Я,SPRO sg 1p - nom,Я
11129,,даже,ДАЖЕ,PART,,,", больше я _даже_ не  зн",е,ж,а,д,,,PART,ДАЖЕ,PART,Е
11130,,не,НЕ,PART,,,больше я даже _не_  зн,е,н,,,,,PART,НЕ,PART,Е
11131,"<distinct form=""",,,,,,,,,,,,,,,,
11132,<dist>,зн,,,,,,,,,,,,,,,
11133,""">",,,,,,,,,,,,,,,,
11134,,знаю,ЗНАТЬ,V ipf praes sg indic - 1p,,,зн  _знаю_  .. ну,ю,а,н,з,,,V,ЗНАТЬ,V ipf praes sg indic - 1p,Ь
11135,</distinct>,,,,,,,,,,,,,,,,
11136,,..,..,PUNCT,,,,,,,,,,PUNCT,,,
11137,,ну,НУ,PART,,,знаю  .. _ну_ не знаю больше,у,н,,,,,PART,НУ,PART,У
11138,,не,НЕ,PART,,,".. ну _не_ знаю больше ,",е,н,,,,,PART,НЕ,PART,Е
11139,,знаю,ЗНАТЬ,V ipf praes sg indic - 1p,,,".. ну не _знаю_ больше , что",ю,а,н,з,,,V,ЗНАТЬ,V ipf praes sg indic - 1p,Ь
11140,,больше,БОЛЬШЕ,ADV -,,,"ну не знаю _больше_ , что сказать",е,ш,ь,л,о,б,ADV,БОЛЬШЕ,ADV -,Е
11141,,",",",",PUNCT,,,,,,,,,,PUNCT,,,
11142,,что,ЧТО,CONJ,,,"знаю больше , _что_ сказать .",о,т,ч,,,,CONJ,ЧТО,CONJ,О
11143,,сказать,СКАЗАТЬ,V pf - - inf - -,,,"больше , что _сказать_ .",ь,т,а,з,а,к,V,СКАЗАТЬ,V pf - - inf - -,Ь
11144,,.,.,PUNCT,,,,,,,,,,PUNCT,,,
11145,,,,,,,,,,,,,,,,,